book,pairs,file
体操类：身体训练1400例,641,/root/paddlejob/workspace/env_run/penghaotian/datas/book_md/体操类：身体训练1400例/pairs_体操类：身体训练1400例_2026-05-07.json
身体训练1400例,638,/root/paddlejob/workspace/env_run/penghaotian/datas/book_md/身体训练1400例/pairs_身体训练1400例_2026-05-07.json
拉伸  最好的运动+最方便的健身,549,/root/paddlejob/workspace/env_run/penghaotian/datas/book_md/拉伸  最好的运动+最方便的健身/pairs_拉伸  最好的运动+最方便的健身_2026-05-07.json
四周练出一身肌肉 章晋唯 全彩版,382,/root/paddlejob/workspace/env_run/penghaotian/datas/book_md/四周练出一身肌肉 章晋唯 全彩版/pairs_四周练出一身肌肉 章晋唯 全彩版_2026-05-07.json
[四周练出一身肌肉].章晋唯.全彩版,374,/root/paddlejob/workspace/env_run/penghaotian/datas/book_md/[四周练出一身肌肉].章晋唯.全彩版/pairs_[四周练出一身肌肉].章晋唯.全彩版_2026-05-07.json
HP入门书单11-王雄-身体功能训练动作手册,316,/root/paddlejob/workspace/env_run/penghaotian/datas/book_md/HP入门书单11-王雄-身体功能训练动作手册/pairs_HP入门书单11-王雄-身体功能训练动作手册_2026-05-06.json
（台版）功能性训练手册,296,/root/paddlejob/workspace/env_run/penghaotian/datas/book_md/（台版）功能性训练手册/pairs_（台版）功能性训练手册_2026-05-07.json
《世界特种部队高级格斗术与功力训练》,294,/root/paddlejob/workspace/env_run/penghaotian/datas/book_md/《世界特种部队高级格斗术与功力训练》/pairs_《世界特种部队高级格斗术与功力训练》_2026-05-07.json
[这样运动最健康].徐铁.扫描版,243,/root/paddlejob/workspace/env_run/penghaotian/datas/book_md/[这样运动最健康].徐铁.扫描版/pairs_[这样运动最健康].徐铁.扫描版_2026-05-07.json
《瑜伽之光》,238,/root/paddlejob/workspace/env_run/penghaotian/datas/book_md/《瑜伽之光》/pairs_《瑜伽之光》_2026-05-07.json
《瑜伽练习：从初学到精进》,237,/root/paddlejob/workspace/env_run/penghaotian/datas/book_md/《瑜伽练习：从初学到精进》/pairs_《瑜伽练习：从初学到精进》_2026-05-07.json
瑜伽之光（印）艾扬格,236,/root/paddlejob/workspace/env_run/penghaotian/datas/book_md/瑜伽之光（印）艾扬格/pairs_瑜伽之光（印）艾扬格_2026-05-07.json
拉伸：最好的运动,216,/root/paddlejob/workspace/env_run/penghaotian/datas/book_md/拉伸：最好的运动/pairs_拉伸：最好的运动_2026-05-07.json
拉伸,206,/root/paddlejob/workspace/env_run/penghaotian/datas/book_md/拉伸/pairs_拉伸_2026-05-07.json
《运动伤害图解圣经：预防•诊断•治疗•复健》,203,/root/paddlejob/workspace/env_run/penghaotian/datas/book_md/《运动伤害图解圣经：预防•诊断•治疗•复健》/pairs_《运动伤害图解圣经：预防•诊断•治疗•复健》_2026-05-07.json
25,200,/root/paddlejob/workspace/env_run/penghaotian/datas/book_md/25/pairs_25_2026-05-06.json
姿势异常与肌肉骨骼功能失调,198,/root/paddlejob/workspace/env_run/penghaotian/datas/book_md/姿势异常与肌肉骨骼功能失调/pairs_姿势异常与肌肉骨骼功能失调_2026-05-07.json
肌肉锻炼运动英文百科全书 2012,198,/root/paddlejob/workspace/env_run/penghaotian/datas/book_md/肌肉锻炼运动英文百科全书 2012/pairs_肌肉锻炼运动英文百科全书 2012_2026-05-07.json
HP入门书单10 Rippetoe 2011-Starting Strength--basic barbell training,187,/root/paddlejob/workspace/env_run/penghaotian/datas/book_md/HP入门书单10 Rippetoe 2011-Starting Strength--basic barbell training/pairs_HP入门书单10 Rippetoe 2011-Starting Strength_2026-05-06.json
力量训练基础 -Starting strength--basic b...,183,/root/paddlejob/workspace/env_run/penghaotian/datas/book_md/力量训练基础 -Starting strength--basic b.../pairs_力量训练基础 -Starting strength--basic b..._2026-05-07.json
体操 (少年儿童业余训练《体操》教材编写组编),181,/root/paddlejob/workspace/env_run/penghaotian/datas/book_md/体操 (少年儿童业余训练《体操》教材编写组编)/pairs_体操 (少年儿童业余训练《体操》教材编写组编)_2026-05-07.json
2012年新书《Physical Rehabilitation of the Injured Athlete》,176,/root/paddlejob/workspace/env_run/penghaotian/datas/book_md/2012年新书《Physical Rehabilitation of the Injured Athlete》/pairs_2012年新书《Physical Rehabilitation of the I_2026-05-06.json
《肌肉完全训练计划》,172,/root/paddlejob/workspace/env_run/penghaotian/datas/book_md/《肌肉完全训练计划》/pairs_《肌肉完全训练计划》_2026-05-07.json
力量训练基础：用5种杠铃动作极速发展身体实力,171,/root/paddlejob/workspace/env_run/penghaotian/datas/book_md/力量训练基础：用5种杠铃动作极速发展身体实力/pairs_力量训练基础：用5种杠铃动作极速发展身体实力_2026-05-07.json
瑜伽初级教程,170,/root/paddlejob/workspace/env_run/penghaotian/datas/book_md/瑜伽初级教程/pairs_瑜伽初级教程_2026-05-07.json
力量训练基础Starting Strength--,169,/root/paddlejob/workspace/env_run/penghaotian/datas/book_md/力量训练基础Starting Strength--/pairs_力量训练基础Starting Strength--_2026-05-07.json
Athletic Movement Skills Training for Sports Performance (好好好),165,/root/paddlejob/workspace/env_run/penghaotian/datas/book_md/Athletic Movement Skills Training for Sports Performance (好好好)/pairs_Athletic Movement Skills Training for Sp_2026-05-06.json
城市就是健身房：跑酷基本技巧与体能训练,160,/root/paddlejob/workspace/env_run/penghaotian/datas/book_md/城市就是健身房：跑酷基本技巧与体能训练/pairs_城市就是健身房：跑酷基本技巧与体能训练_2026-05-07.json
跑酷_城市就是健身房,160,/root/paddlejob/workspace/env_run/penghaotian/datas/book_md/跑酷_城市就是健身房/pairs_跑酷_城市就是健身房_2026-05-07.json
HP入门书单1 Haff et al. 2017--NSCA Essentials of Strength Training and Conditioning,157,/root/paddlejob/workspace/env_run/penghaotian/datas/book_md/HP入门书单1 Haff et al. 2017--NSCA Essentials of Strength Training and Conditioning/pairs_HP入门书单1 Haff et al. 2017--NSCA Essential_2026-05-06.json
《肌肉训练完全图解 终极健身百科全书》【美】,157,/root/paddlejob/workspace/env_run/penghaotian/datas/book_md/《肌肉训练完全图解 终极健身百科全书》【美】/pairs_《肌肉训练完全图解 终极健身百科全书》【美】_2026-05-07.json
[NSCA_Essentials of Strength Training and Conditioning  4th,155,/root/paddlejob/workspace/env_run/penghaotian/datas/book_md/[NSCA_Essentials of Strength Training and Conditioning  4th/pairs_[NSCA_Essentials of Strength Training an_2026-05-07.json
第7期ACSM基础肌力与体能训练201412最新版本,151,/root/paddlejob/workspace/env_run/penghaotian/datas/book_md/第7期ACSM基础肌力与体能训练201412最新版本/pairs_第7期ACSM基础肌力与体能训练201412最新版本_2026-05-07.json
足球 少年儿童业余训练教材 (少年儿童业余训练《足球》教材编写组编),151,/root/paddlejob/workspace/env_run/penghaotian/datas/book_md/足球 少年儿童业余训练教材 (少年儿童业余训练《足球》教材编写组编)/pairs_足球 少年儿童业余训练教材 (少年儿童业余训练《足球》教材编写组编)_2026-05-07.json
2022执教的语言动作教学中的科学与艺术9787115582515,150,/root/paddlejob/workspace/env_run/penghaotian/datas/book_md/2022执教的语言动作教学中的科学与艺术9787115582515/pairs_2022执教的语言动作教学中的科学与艺术9787115582515_2026-05-06.json
ACSM基础肌力与体能训练,150,/root/paddlejob/workspace/env_run/penghaotian/datas/book_md/ACSM基础肌力与体能训练/pairs_ACSM基础肌力与体能训练_2026-05-06.json
starting strength 3rd,149,/root/paddlejob/workspace/env_run/penghaotian/datas/book_md/starting strength 3rd/pairs_starting strength 3rd_2026-05-07.json
《健身营养指南(30而立篇)》,148,/root/paddlejob/workspace/env_run/penghaotian/datas/book_md/《健身营养指南(30而立篇)》/pairs_《健身营养指南(30而立篇)》_2026-05-07.json
构建体操选手般的身躯V2(囚徒健身论坛) - ,144,/root/paddlejob/workspace/env_run/penghaotian/datas/book_md/构建体操选手般的身躯V2(囚徒健身论坛) - /pairs_构建体操选手般的身躯V2(囚徒健身论坛) - _2026-05-07.json
战术肌力与体能训练,143,/root/paddlejob/workspace/env_run/penghaotian/datas/book_md/战术肌力与体能训练/pairs_战术肌力与体能训练_2026-05-07.json
肌力与体能训练-肌力與體能訓練--第四版 --台版-01,142,/root/paddlejob/workspace/env_run/penghaotian/datas/book_md/肌力与体能训练-肌力與體能訓練--第四版 --台版-01/pairs_肌力与体能训练-肌力與體能訓練--第四版 --台版-01_2026-05-07.json
Acsm体能训练概论中文,141,/root/paddlejob/workspace/env_run/penghaotian/datas/book_md/Acsm体能训练概论中文/pairs_Acsm体能训练概论中文_2026-05-06.json
[瑜珈入门].(美)玛格丽特·D·皮尔斯.扫描版,139,/root/paddlejob/workspace/env_run/penghaotian/datas/book_md/[瑜珈入门].(美)玛格丽特·D·皮尔斯.扫描版/pairs_[瑜珈入门].(美)玛格丽特·D·皮尔斯.扫描版_2026-05-07.json
《瑜伽基础入门全图解》张斌,139,/root/paddlejob/workspace/env_run/penghaotian/datas/book_md/《瑜伽基础入门全图解》张斌/pairs_《瑜伽基础入门全图解》张斌_2026-05-07.json
《艾扬格瑜伽》,135,/root/paddlejob/workspace/env_run/penghaotian/datas/book_md/《艾扬格瑜伽》/pairs_《艾扬格瑜伽》_2026-05-07.json
Never_Gymless___An_Excuse_free_System_for_Total_Fitness,134,/root/paddlejob/workspace/env_run/penghaotian/datas/book_md/Never_Gymless___An_Excuse_free_System_for_Total_Fitness/pairs_Never_Gymless___An_Excuse_free_System_fo_2026-05-07.json
《跑步，该怎么跑？》【美】,132,/root/paddlejob/workspace/env_run/penghaotian/datas/book_md/《跑步，该怎么跑？》【美】/pairs_《跑步，该怎么跑？》【美】_2026-05-07.json
NSCA's essentials of tactical strength and conditinoing,131,/root/paddlejob/workspace/env_run/penghaotian/datas/book_md/NSCA's essentials of tactical strength and conditinoing/pairs_NSCA's essentials of tactical strength a_2026-05-06.json
体育运动中的功能性训练--翻译版--01,131,/root/paddlejob/workspace/env_run/penghaotian/datas/book_md/体育运动中的功能性训练--翻译版--01/pairs_体育运动中的功能性训练--翻译版--01_2026-05-07.json
《一平米健身》,130,/root/paddlejob/workspace/env_run/penghaotian/datas/book_md/《一平米健身》/pairs_《一平米健身》_2026-05-07.json
NSCA-CSCS美国国家体能协会体能教练认证指南第4版---,128,/root/paddlejob/workspace/env_run/penghaotian/datas/book_md/NSCA-CSCS美国国家体能协会体能教练认证指南第4版---/pairs_NSCA-CSCS美国国家体能协会体能教练认证指南第4版---_2026-05-06.json
已上架1007——NSCA——NSCA：Tactical+Str...,125,/root/paddlejob/workspace/env_run/penghaotian/datas/book_md/已上架1007——NSCA——NSCA：Tactical+Str.../pairs_已上架1007——NSCA——NSCA：Tactical+Str..._2026-05-07.json
跑步该怎么跑,125,/root/paddlejob/workspace/env_run/penghaotian/datas/book_md/跑步该怎么跑/pairs_跑步该怎么跑_2026-05-07.json
NSCA's tactical strength and conditioning facilitator's reference guide(2013),122,/root/paddlejob/workspace/env_run/penghaotian/datas/book_md/NSCA's tactical strength and conditioning facilitator's reference guide(2013)/pairs_NSCA's tactical strength and conditionin_2026-05-06.json
NSCA_Tactical Strength,122,/root/paddlejob/workspace/env_run/penghaotian/datas/book_md/NSCA_Tactical Strength/pairs_NSCA_Tactical Strength_2026-05-06.json
2001年版美陆军格斗教材,120,/root/paddlejob/workspace/env_run/penghaotian/datas/book_md/2001年版美陆军格斗教材/pairs_2001年版美陆军格斗教材_2026-05-06.json
《拉伸：简单有效的纤体方式》,120,/root/paddlejob/workspace/env_run/penghaotian/datas/book_md/《拉伸：简单有效的纤体方式》/pairs_《拉伸：简单有效的纤体方式》_2026-05-07.json
拉伸：简单有效的纤体方式,120,/root/paddlejob/workspace/env_run/penghaotian/datas/book_md/拉伸：简单有效的纤体方式/pairs_拉伸：简单有效的纤体方式_2026-05-07.json
NASMEssentialsOfCorrectiveExerciseTraining,119,/root/paddlejob/workspace/env_run/penghaotian/datas/book_md/NASMEssentialsOfCorrectiveExerciseTraining/pairs_NASMEssentialsOfCorrectiveExerciseTraini_2026-05-06.json
健身书籍03  24本__实用PNF治疗,119,/root/paddlejob/workspace/env_run/penghaotian/datas/book_md/健身书籍03  24本__实用PNF治疗/pairs_健身书籍03  24本__实用PNF治疗_2026-05-07.json
16,118,/root/paddlejob/workspace/env_run/penghaotian/datas/book_md/16/pairs_16_2026-05-06.json
NASM-PES美国国家运动医学会运动表现训练指南(1),117,/root/paddlejob/workspace/env_run/penghaotian/datas/book_md/NASM-PES美国国家运动医学会运动表现训练指南(1)/pairs_NASM-PES美国国家运动医学会运动表现训练指南(1)_2026-05-06.json
Pushing the Limits 奋力向前,117,/root/paddlejob/workspace/env_run/penghaotian/datas/book_md/Pushing the Limits 奋力向前/pairs_Pushing the Limits 奋力向前_2026-05-07.json
Shi Wa Xin Ge Jian Shen Quan Sh - A Nuo De _Shi Wa Xin Ge,117,/root/paddlejob/workspace/env_run/penghaotian/datas/book_md/Shi Wa Xin Ge Jian Shen Quan Sh - A Nuo De _Shi Wa Xin Ge/pairs_Shi Wa Xin Ge Jian Shen Quan Sh - A Nuo _2026-05-07.json
15,116,/root/paddlejob/workspace/env_run/penghaotian/datas/book_md/15/pairs_15_2026-05-06.json
《健身教练从不外传的肌力训练法》赵健,116,/root/paddlejob/workspace/env_run/penghaotian/datas/book_md/《健身教练从不外传的肌力训练法》赵健/pairs_《健身教练从不外传的肌力训练法》赵健_2026-05-07.json
NSCA-CSCS美国国家体能协会体能教练认证指南第4版,115,/root/paddlejob/workspace/env_run/penghaotian/datas/book_md/NSCA-CSCS美国国家体能协会体能教练认证指南第4版/pairs_NSCA-CSCS美国国家体能协会体能教练认证指南第4版_2026-05-06.json
Pushing The Limits - Al Kavadlo,115,/root/paddlejob/workspace/env_run/penghaotian/datas/book_md/Pushing The Limits - Al Kavadlo/pairs_Pushing The Limits - Al Kavadlo_2026-05-07.json
健身书籍01   167本__实用PNF治疗,114,/root/paddlejob/workspace/env_run/penghaotian/datas/book_md/健身书籍01   167本__实用PNF治疗/pairs_健身书籍01   167本__实用PNF治疗_2026-05-07.json
易化牵伸术_简便易学的PNF牵伸及力量训练,114,/root/paddlejob/workspace/env_run/penghaotian/datas/book_md/易化牵伸术_简便易学的PNF牵伸及力量训练/pairs_易化牵伸术_简便易学的PNF牵伸及力量训练_2026-05-07.json
NSCA-EssentialsofStrengthTrainingandConditioning2008(3rded.),113,/root/paddlejob/workspace/env_run/penghaotian/datas/book_md/NSCA-EssentialsofStrengthTrainingandConditioning2008(3rded.)/pairs_NSCA-EssentialsofStrengthTrainingandCond_2026-05-06.json
[实战绝技－三晃膀秘解].胡光锋.扫描版,113,/root/paddlejob/workspace/env_run/penghaotian/datas/book_md/[实战绝技－三晃膀秘解].胡光锋.扫描版/pairs_[实战绝技－三晃膀秘解].胡光锋.扫描版_2026-05-07.json
跑步,该怎么跑,113,/root/paddlejob/workspace/env_run/penghaotian/datas/book_md/跑步,该怎么跑/pairs_跑步,该怎么跑_2026-05-07.json
NASM-CES 纠正性训练,111,/root/paddlejob/workspace/env_run/penghaotian/datas/book_md/NASM-CES 纠正性训练/pairs_NASM-CES 纠正性训练_2026-05-06.json
[拉伸：简单有效的纤体方式].叶丹.扫描版,111,/root/paddlejob/workspace/env_run/penghaotian/datas/book_md/[拉伸：简单有效的纤体方式].叶丹.扫描版/pairs_[拉伸：简单有效的纤体方式].叶丹.扫描版_2026-05-07.json
男人，别说你懂健身pdf电子书,111,/root/paddlejob/workspace/env_run/penghaotian/datas/book_md/男人，别说你懂健身pdf电子书/pairs_男人，别说你懂健身pdf电子书_2026-05-07.json
2013 施瓦辛格健身全书《中文版修订版》Fox 编辑制作,109,/root/paddlejob/workspace/env_run/penghaotian/datas/book_md/2013 施瓦辛格健身全书《中文版修订版》Fox 编辑制作/pairs_2013 施瓦辛格健身全书《中文版修订版》Fox 编辑制作_2026-05-06.json
已上架1010——NSCA——NSCA：Essentials+o...,109,/root/paddlejob/workspace/env_run/penghaotian/datas/book_md/已上架1010——NSCA——NSCA：Essentials+o.../pairs_已上架1010——NSCA——NSCA：Essentials+o..._2026-05-07.json
Essentials+of+Eccentric+Training,108,/root/paddlejob/workspace/env_run/penghaotian/datas/book_md/Essentials+of+Eccentric+Training/pairs_Essentials+of+Eccentric+Training_2026-05-06.json
[男性健康，肌肉手册.-.2011].影印版,108,/root/paddlejob/workspace/env_run/penghaotian/datas/book_md/[男性健康，肌肉手册.-.2011].影印版/pairs_[男性健康，肌肉手册.-.2011].影印版_2026-05-07.json
《施瓦辛格健身全书》【美】阿诺德,108,/root/paddlejob/workspace/env_run/penghaotian/datas/book_md/《施瓦辛格健身全书》【美】阿诺德/pairs_《施瓦辛格健身全书》【美】阿诺德_2026-05-07.json
健身书籍01   167本__施瓦辛格健身全书中文完整版,108,/root/paddlejob/workspace/env_run/penghaotian/datas/book_md/健身书籍01   167本__施瓦辛格健身全书中文完整版/pairs_健身书籍01   167本__施瓦辛格健身全书中文完整版_2026-05-07.json
施瓦辛格健身全书,108,/root/paddlejob/workspace/env_run/penghaotian/datas/book_md/施瓦辛格健身全书/pairs_施瓦辛格健身全书_2026-05-07.json
易化牵伸术 简便易学的PNF牵伸及力量训练,107,/root/paddlejob/workspace/env_run/penghaotian/datas/book_md/易化牵伸术 简便易学的PNF牵伸及力量训练/pairs_易化牵伸术 简便易学的PNF牵伸及力量训练_2026-05-07.json
[肌肉力量基础训练·彩图版].(日)有贺诚司.扫描版,106,/root/paddlejob/workspace/env_run/penghaotian/datas/book_md/[肌肉力量基础训练·彩图版].(日)有贺诚司.扫描版/pairs_[肌肉力量基础训练·彩图版].(日)有贺诚司.扫描版_2026-05-07.json
文档-健身书籍（3.17G）__施瓦辛格健身全书中文完整版,106,/root/paddlejob/workspace/env_run/penghaotian/datas/book_md/文档-健身书籍（3.17G）__施瓦辛格健身全书中文完整版/pairs_文档-健身书籍（3.17G）__施瓦辛格健身全书中文完整版_2026-05-07.json
施瓦辛格健身全书中文完整版,105,/root/paddlejob/workspace/env_run/penghaotian/datas/book_md/施瓦辛格健身全书中文完整版/pairs_施瓦辛格健身全书中文完整版_2026-05-07.json
NSCA_Essentials of ST&C,103,/root/paddlejob/workspace/env_run/penghaotian/datas/book_md/NSCA_Essentials of ST&C/pairs_NSCA_Essentials of ST&C_2026-05-06.json
《男人！别说你懂健身》.闫文龙,103,/root/paddlejob/workspace/env_run/penghaotian/datas/book_md/《男人！别说你懂健身》.闫文龙/pairs_《男人！别说你懂健身》.闫文龙_2026-05-07.json
壶铃训练指南_14427376,103,/root/paddlejob/workspace/env_run/penghaotian/datas/book_md/壶铃训练指南_14427376/pairs_壶铃训练指南_14427376_2026-05-07.json
推动极限,103,/root/paddlejob/workspace/env_run/penghaotian/datas/book_md/推动极限/pairs_推动极限_2026-05-07.json
24,102,/root/paddlejob/workspace/env_run/penghaotian/datas/book_md/24/pairs_24_2026-05-06.json
无器械健身+用自身体重锻炼_13063327_高清,101,/root/paddlejob/workspace/env_run/penghaotian/datas/book_md/无器械健身+用自身体重锻炼_13063327_高清/pairs_无器械健身+用自身体重锻炼_13063327_高清_2026-05-07.json
11015-Functional Training for Sports,100,/root/paddlejob/workspace/env_run/penghaotian/datas/book_md/11015-Functional Training for Sports/pairs_11015-Functional Training for Sports_2026-05-06.json
Functional Training for Sports,100,/root/paddlejob/workspace/env_run/penghaotian/datas/book_md/Functional Training for Sports/pairs_Functional Training for Sports_2026-05-06.json
肌肉力量基础训练（日）有贺诚司,100,/root/paddlejob/workspace/env_run/penghaotian/datas/book_md/肌肉力量基础训练（日）有贺诚司/pairs_肌肉力量基础训练（日）有贺诚司_2026-05-07.json
Dinosaur+Bodyweight+Training,99,/root/paddlejob/workspace/env_run/penghaotian/datas/book_md/Dinosaur+Bodyweight+Training/pairs_Dinosaur+Bodyweight+Training_2026-05-06.json
无器械健身用自身体重锻炼高清,99,/root/paddlejob/workspace/env_run/penghaotian/datas/book_md/无器械健身用自身体重锻炼高清/pairs_无器械健身用自身体重锻炼高清_2026-05-07.json
You Are Your Own Gym,98,/root/paddlejob/workspace/env_run/penghaotian/datas/book_md/You Are Your Own Gym/pairs_You Are Your Own Gym_2026-05-07.json
《乐跑宝典：跑步完全手册》【英】,98,/root/paddlejob/workspace/env_run/penghaotian/datas/book_md/《乐跑宝典：跑步完全手册》【英】/pairs_《乐跑宝典：跑步完全手册》【英】_2026-05-07.json
游泳学与练,98,/root/paddlejob/workspace/env_run/penghaotian/datas/book_md/游泳学与练/pairs_游泳学与练_2026-05-07.json
游泳 (《高等学校普通体育课教学参考书》游泳编写组编),97,/root/paddlejob/workspace/env_run/penghaotian/datas/book_md/游泳 (《高等学校普通体育课教学参考书》游泳编写组编)/pairs_游泳 (《高等学校普通体育课教学参考书》游泳编写组编)_2026-05-07.json
马克·劳伦 无器械健身,97,/root/paddlejob/workspace/env_run/penghaotian/datas/book_md/马克·劳伦 无器械健身/pairs_马克·劳伦 无器械健身_2026-05-07.json
《肌肉训练完全图解 跑步运动》【美】,96,/root/paddlejob/workspace/env_run/penghaotian/datas/book_md/《肌肉训练完全图解 跑步运动》【美】/pairs_《肌肉训练完全图解 跑步运动》【美】_2026-05-07.json
运动運動表現的肌力與體能訓練 易利--台版50,96,/root/paddlejob/workspace/env_run/penghaotian/datas/book_md/运动運動表現的肌力與體能訓練 易利--台版50/pairs_运动運動表現的肌力與體能訓練 易利--台版50_2026-05-07.json
囚徒健身（学生版）,94,/root/paddlejob/workspace/env_run/penghaotian/datas/book_md/囚徒健身（学生版）/pairs_囚徒健身（学生版）_2026-05-07.json
无器械健身：  用自身体重锻炼,93,/root/paddlejob/workspace/env_run/penghaotian/datas/book_md/无器械健身：  用自身体重锻炼/pairs_无器械健身：  用自身体重锻炼_2026-05-07.json
田径 (少年儿童业余训练《田径》教材编写组编),93,/root/paddlejob/workspace/env_run/penghaotian/datas/book_md/田径 (少年儿童业余训练《田径》教材编写组编)/pairs_田径 (少年儿童业余训练《田径》教材编写组编)_2026-05-07.json
[NBA体能训练：专家设计的122项练习].(美)全美篮球体能教练员协会.扫描版,92,/root/paddlejob/workspace/env_run/penghaotian/datas/book_md/[NBA体能训练：专家设计的122项练习].(美)全美篮球体能教练员协会.扫描版/pairs_[NBA体能训练：专家设计的122项练习].(美)全美篮球体能教练员协会.扫描版_2026-05-07.json
无器械健身,92,/root/paddlejob/workspace/env_run/penghaotian/datas/book_md/无器械健身/pairs_无器械健身_2026-05-07.json
NSCA-CSCS体能概论,91,/root/paddlejob/workspace/env_run/penghaotian/datas/book_md/NSCA-CSCS体能概论/pairs_NSCA-CSCS体能概论_2026-05-06.json
NSCA_体能训练概论,91,/root/paddlejob/workspace/env_run/penghaotian/datas/book_md/NSCA_体能训练概论/pairs_NSCA_体能训练概论_2026-05-06.json
无器械健身_13063327,91,/root/paddlejob/workspace/env_run/penghaotian/datas/book_md/无器械健身_13063327/pairs_无器械健身_13063327_2026-05-07.json
田径 (《高等学校普通体育课教学参考书》田径编写小组编),91,/root/paddlejob/workspace/env_run/penghaotian/datas/book_md/田径 (《高等学校普通体育课教学参考书》田径编写小组编)/pairs_田径 (《高等学校普通体育课教学参考书》田径编写小组编)_2026-05-07.json
《腹部肌肉训练》,90,/root/paddlejob/workspace/env_run/penghaotian/datas/book_md/《腹部肌肉训练》/pairs_《腹部肌肉训练》_2026-05-07.json
女子健美训练图解,90,/root/paddlejob/workspace/env_run/penghaotian/datas/book_md/女子健美训练图解/pairs_女子健美训练图解_2026-05-07.json
Raising the Bar The Definitive Guide to Pull-up Bar Calisthenics,89,/root/paddlejob/workspace/env_run/penghaotian/datas/book_md/Raising the Bar The Definitive Guide to Pull-up Bar Calisthenics/pairs_Raising the Bar The Definitive Guide to _2026-05-07.json
10分钟健身法.日本森永运动与健康研究中心,88,/root/paddlejob/workspace/env_run/penghaotian/datas/book_md/10分钟健身法.日本森永运动与健康研究中心/pairs_10分钟健身法.日本森永运动与健康研究中心_2026-05-06.json
《三维图解：肌肉拉伸书》【美】莫纳夏,88,/root/paddlejob/workspace/env_run/penghaotian/datas/book_md/《三维图解：肌肉拉伸书》【美】莫纳夏/pairs_《三维图解：肌肉拉伸书》【美】莫纳夏_2026-05-07.json
《各国特种部队格斗术》,87,/root/paddlejob/workspace/env_run/penghaotian/datas/book_md/《各国特种部队格斗术》/pairs_《各国特种部队格斗术》_2026-05-07.json
《肌肉训练完全图解 中年人士的终极健身指南》【美】,87,/root/paddlejob/workspace/env_run/penghaotian/datas/book_md/《肌肉训练完全图解 中年人士的终极健身指南》【美】/pairs_《肌肉训练完全图解 中年人士的终极健身指南》【美】_2026-05-07.json
现代康复治疗技术,86,/root/paddlejob/workspace/env_run/penghaotian/datas/book_md/现代康复治疗技术/pairs_现代康复治疗技术_2026-05-07.json
Runners World Complete Guide to Running,85,/root/paddlejob/workspace/env_run/penghaotian/datas/book_md/Runners World Complete Guide to Running/pairs_Runners World Complete Guide to Running_2026-05-07.json
拉伸训练彩色图谱,85,/root/paddlejob/workspace/env_run/penghaotian/datas/book_md/拉伸训练彩色图谱/pairs_拉伸训练彩色图谱_2026-05-07.json
[肌肉健美训练图解.第二版].Bodybuilding.-.Strength.Training.Anatomy.-.2nd.Edition,84,/root/paddlejob/workspace/env_run/penghaotian/datas/book_md/[肌肉健美训练图解.第二版].Bodybuilding.-.Strength.Training.Anatomy.-.2nd.Edition/pairs_[肌肉健美训练图解.第二版].Bodybuilding.-.Strength.T_2026-05-07.json
《骨盆完全指南》,84,/root/paddlejob/workspace/env_run/penghaotian/datas/book_md/《骨盆完全指南》/pairs_《骨盆完全指南》_2026-05-07.json
已上架1006——NSCA——NSCA&#39%3s+essentials+...,84,/root/paddlejob/workspace/env_run/penghaotian/datas/book_md/已上架1006——NSCA——NSCA&#39%3s+essentials+.../pairs_已上架1006——NSCA——NSCA&#39%3s+essentials+.._2026-05-07.json
来自杠上的你,84,/root/paddlejob/workspace/env_run/penghaotian/datas/book_md/来自杠上的你/pairs_来自杠上的你_2026-05-07.json
NSCA_Essential of personal trianing,83,/root/paddlejob/workspace/env_run/penghaotian/datas/book_md/NSCA_Essential of personal trianing/pairs_NSCA_Essential of personal trianing_2026-05-06.json
NSCA体能训练概论(定稿 第三版),83,/root/paddlejob/workspace/env_run/penghaotian/datas/book_md/NSCA体能训练概论(定稿 第三版)/pairs_NSCA体能训练概论(定稿 第三版)_2026-05-06.json
NSCA体能训练概论(定稿),83,/root/paddlejob/workspace/env_run/penghaotian/datas/book_md/NSCA体能训练概论(定稿)/pairs_NSCA体能训练概论(定稿)_2026-05-06.json
《瑜伽，拯救你的脊椎》,83,/root/paddlejob/workspace/env_run/penghaotian/datas/book_md/《瑜伽，拯救你的脊椎》/pairs_《瑜伽，拯救你的脊椎》_2026-05-07.json
囚徒健身2 用古老的智慧成就再无弱点的不败身躯,83,/root/paddlejob/workspace/env_run/penghaotian/datas/book_md/囚徒健身2 用古老的智慧成就再无弱点的不败身躯/pairs_囚徒健身2 用古老的智慧成就再无弱点的不败身躯_2026-05-07.json
囚徒健身2英文版,83,/root/paddlejob/workspace/env_run/penghaotian/datas/book_md/囚徒健身2英文版/pairs_囚徒健身2英文版_2026-05-07.json
文档-健身书籍（3.17G）__肌肉健美训练图解,82,/root/paddlejob/workspace/env_run/penghaotian/datas/book_md/文档-健身书籍（3.17G）__肌肉健美训练图解/pairs_文档-健身书籍（3.17G）__肌肉健美训练图解_2026-05-07.json
速度训练,82,/root/paddlejob/workspace/env_run/penghaotian/datas/book_md/速度训练/pairs_速度训练_2026-05-07.json
第10期骨盆完全指南,81,/root/paddlejob/workspace/env_run/penghaotian/datas/book_md/第10期骨盆完全指南/pairs_第10期骨盆完全指南_2026-05-07.json
NBA体能训练-全美篮球体能教练-原书,80,/root/paddlejob/workspace/env_run/penghaotian/datas/book_md/NBA体能训练-全美篮球体能教练-原书/pairs_NBA体能训练-全美篮球体能教练-原书_2026-05-06.json
囚徒健身2读书笔记,80,/root/paddlejob/workspace/env_run/penghaotian/datas/book_md/囚徒健身2读书笔记/pairs_囚徒健身2读书笔记_2026-05-07.json
美国国家体能协会 力量训练指南,80,/root/paddlejob/workspace/env_run/penghaotian/datas/book_md/美国国家体能协会 力量训练指南/pairs_美国国家体能协会 力量训练指南_2026-05-07.json
《拉力器上的铁人》,79,/root/paddlejob/workspace/env_run/penghaotian/datas/book_md/《拉力器上的铁人》/pairs_《拉力器上的铁人》_2026-05-07.json
《肌肉训练完全图解 力量与体能训练》【美】,79,/root/paddlejob/workspace/env_run/penghaotian/datas/book_md/《肌肉训练完全图解 力量与体能训练》【美】/pairs_《肌肉训练完全图解 力量与体能训练》【美】_2026-05-07.json
HP入门书单6 Zatsiorsky 2000-BIOMECHANICS IN SPORT,78,/root/paddlejob/workspace/env_run/penghaotian/datas/book_md/HP入门书单6 Zatsiorsky 2000-BIOMECHANICS IN SPORT/pairs_HP入门书单6 Zatsiorsky 2000-BIOMECHANICS IN _2026-05-06.json
《肌肉训练完全图解 核心稳定性训练》,77,/root/paddlejob/workspace/env_run/penghaotian/datas/book_md/《肌肉训练完全图解 核心稳定性训练》/pairs_《肌肉训练完全图解 核心稳定性训练》_2026-05-07.json
动作  功能动作训练体系_（美）库克著_张英波译_2011年,77,/root/paddlejob/workspace/env_run/penghaotian/datas/book_md/动作  功能动作训练体系_（美）库克著_张英波译_2011年/pairs_动作  功能动作训练体系_（美）库克著_张英波译_2011年_2026-05-07.json
现代体能训练：弹力带全方位力量训练方法,77,/root/paddlejob/workspace/env_run/penghaotian/datas/book_md/现代体能训练：弹力带全方位力量训练方法/pairs_现代体能训练：弹力带全方位力量训练方法_2026-05-07.json
肌力与体能训练【台湾繁体第2版】...,77,/root/paddlejob/workspace/env_run/penghaotian/datas/book_md/肌力与体能训练【台湾繁体第2版】.../pairs_肌力与体能训练【台湾繁体第2版】..._2026-05-07.json
《三维图解：协调性提升书》【美】埃尔斯沃斯,76,/root/paddlejob/workspace/env_run/penghaotian/datas/book_md/《三维图解：协调性提升书》【美】埃尔斯沃斯/pairs_《三维图解：协调性提升书》【美】埃尔斯沃斯_2026-05-07.json
4-运动训练电子书,75,/root/paddlejob/workspace/env_run/penghaotian/datas/book_md/4-运动训练电子书/pairs_4-运动训练电子书_2026-05-06.json
《Developing the Core》（NSCA 2013）,75,/root/paddlejob/workspace/env_run/penghaotian/datas/book_md/《Developing the Core》（NSCA 2013）/pairs_《Developing the Core》（NSCA 2013）_2026-05-07.json
动作（功能动作训练体系）,74,/root/paddlejob/workspace/env_run/penghaotian/datas/book_md/动作（功能动作训练体系）/pairs_动作（功能动作训练体系）_2026-05-07.json
图解肌肉运动疗法,74,/root/paddlejob/workspace/env_run/penghaotian/datas/book_md/图解肌肉运动疗法/pairs_图解肌肉运动疗法_2026-05-07.json
核心发展训练,74,/root/paddlejob/workspace/env_run/penghaotian/datas/book_md/核心发展训练/pairs_核心发展训练_2026-05-07.json
NSCA_Developing t he core,73,/root/paddlejob/workspace/env_run/penghaotian/datas/book_md/NSCA_Developing t he core/pairs_NSCA_Developing t he core_2026-05-06.json
已上架602——NSCA——NSCA+：Developing+t...,73,/root/paddlejob/workspace/env_run/penghaotian/datas/book_md/已上架602——NSCA——NSCA+：Developing+t.../pairs_已上架602——NSCA——NSCA+：Developing+t..._2026-05-07.json
NSCA_Developing speed,72,/root/paddlejob/workspace/env_run/penghaotian/datas/book_md/NSCA_Developing speed/pairs_NSCA_Developing speed_2026-05-06.json
[办公室里的小动作大健康].顾勇.高丽萍.扫描版,72,/root/paddlejob/workspace/env_run/penghaotian/datas/book_md/[办公室里的小动作大健康].顾勇.高丽萍.扫描版/pairs_[办公室里的小动作大健康].顾勇.高丽萍.扫描版_2026-05-07.json
[赵之心：女性健康用哑铃].全彩版,72,/root/paddlejob/workspace/env_run/penghaotian/datas/book_md/[赵之心：女性健康用哑铃].全彩版/pairs_[赵之心：女性健康用哑铃].全彩版_2026-05-07.json
《肌肉训练完全图解 功能性训练》【美】,72,/root/paddlejob/workspace/env_run/penghaotian/datas/book_md/《肌肉训练完全图解 功能性训练》【美】/pairs_《肌肉训练完全图解 功能性训练》【美】_2026-05-07.json
《赵之心：女性健康用哑铃》,72,/root/paddlejob/workspace/env_run/penghaotian/datas/book_md/《赵之心：女性健康用哑铃》/pairs_《赵之心：女性健康用哑铃》_2026-05-07.json
已上架1011——NSCA——NSCA：Developing+s...,72,/root/paddlejob/workspace/env_run/penghaotian/datas/book_md/已上架1011——NSCA——NSCA：Developing+s.../pairs_已上架1011——NSCA——NSCA：Developing+s..._2026-05-07.json
篮球 (少年儿童业余训练《篮球》教材编写组编),72,/root/paddlejob/workspace/env_run/penghaotian/datas/book_md/篮球 (少年儿童业余训练《篮球》教材编写组编)/pairs_篮球 (少年儿童业余训练《篮球》教材编写组编)_2026-05-07.json
《三维图解：肌肉塑形书》【美】拉姆齐,71,/root/paddlejob/workspace/env_run/penghaotian/datas/book_md/《三维图解：肌肉塑形书》【美】拉姆齐/pairs_《三维图解：肌肉塑形书》【美】拉姆齐_2026-05-07.json
Lee E. Brown, Vance A. Ferrigno Training for Speed, Agility, and Quickness Special Book DVD Package,70,/root/paddlejob/workspace/env_run/penghaotian/datas/book_md/Lee E. Brown, Vance A. Ferrigno Training for Speed, Agility, and Quickness Special Book DVD Package/pairs_Lee E. Brown, Vance A. Ferrigno Training_2026-05-06.json
《三维图解：肩背调理书》【美】斯特里亚诺,68,/root/paddlejob/workspace/env_run/penghaotian/datas/book_md/《三维图解：肩背调理书》【美】斯特里亚诺/pairs_《三维图解：肩背调理书》【美】斯特里亚诺_2026-05-07.json
《瑜伽解剖学》,68,/root/paddlejob/workspace/env_run/penghaotian/datas/book_md/《瑜伽解剖学》/pairs_《瑜伽解剖学》_2026-05-07.json
徒手健身运动,68,/root/paddlejob/workspace/env_run/penghaotian/datas/book_md/徒手健身运动/pairs_徒手健身运动_2026-05-07.json
骨盘图解,67,/root/paddlejob/workspace/env_run/penghaotian/datas/book_md/骨盘图解/pairs_骨盘图解_2026-05-07.json
10周打造超MAN体态,65,/root/paddlejob/workspace/env_run/penghaotian/datas/book_md/10周打造超MAN体态/pairs_10周打造超MAN体态_2026-05-06.json
肌肉与健身特刊-101组训练,65,/root/paddlejob/workspace/env_run/penghaotian/datas/book_md/肌肉与健身特刊-101组训练/pairs_肌肉与健身特刊-101组训练_2026-05-07.json
《哑铃最健身》,64,/root/paddlejob/workspace/env_run/penghaotian/datas/book_md/《哑铃最健身》/pairs_《哑铃最健身》_2026-05-07.json
举重 (青少年业余训练《举重》教材编写组编),64,/root/paddlejob/workspace/env_run/penghaotian/datas/book_md/举重 (青少年业余训练《举重》教材编写组编)/pairs_举重 (青少年业余训练《举重》教材编写组编)_2026-05-07.json
健身书籍01   167本__美国国家体能协会私人教练基础,64,/root/paddlejob/workspace/env_run/penghaotian/datas/book_md/健身书籍01   167本__美国国家体能协会私人教练基础/pairs_健身书籍01   167本__美国国家体能协会私人教练基础_2026-05-07.json
Anatomy Trains,63,/root/paddlejob/workspace/env_run/penghaotian/datas/book_md/Anatomy Trains/pairs_Anatomy Trains_2026-05-06.json
《女性跑步健体书》(英)墨菲,63,/root/paddlejob/workspace/env_run/penghaotian/datas/book_md/《女性跑步健体书》(英)墨菲/pairs_《女性跑步健体书》(英)墨菲_2026-05-07.json
实用运动医学（修订版）,63,/root/paddlejob/workspace/env_run/penghaotian/datas/book_md/实用运动医学（修订版）/pairs_实用运动医学（修订版）_2026-05-07.json
青花鱼教练,63,/root/paddlejob/workspace/env_run/penghaotian/datas/book_md/青花鱼教练/pairs_青花鱼教练_2026-05-07.json
青花鱼教练让男人拥有王字腹肌,63,/root/paddlejob/workspace/env_run/penghaotian/datas/book_md/青花鱼教练让男人拥有王字腹肌/pairs_青花鱼教练让男人拥有王字腹肌_2026-05-07.json
文档-健身书籍（3.17G）__美国国家体能协会私人教练基础,62,/root/paddlejob/workspace/env_run/penghaotian/datas/book_md/文档-健身书籍（3.17G）__美国国家体能协会私人教练基础/pairs_文档-健身书籍（3.17G）__美国国家体能协会私人教练基础_2026-05-07.json
自我锻炼法——强身健体秘法 三分钟见奇效(晋学新),62,/root/paddlejob/workspace/env_run/penghaotian/datas/book_md/自我锻炼法——强身健体秘法 三分钟见奇效(晋学新)/pairs_自我锻炼法——强身健体秘法 三分钟见奇效(晋学新)_2026-05-07.json
《现代体能训练核心力量训练方法》,61,/root/paddlejob/workspace/env_run/penghaotian/datas/book_md/《现代体能训练核心力量训练方法》/pairs_《现代体能训练核心力量训练方法》_2026-05-07.json
《运动解剖学图谱》,61,/root/paddlejob/workspace/env_run/penghaotian/datas/book_md/《运动解剖学图谱》/pairs_《运动解剖学图谱》_2026-05-07.json
文档-健身书籍（3.17G）__青花鱼教练让男人拥有王字腹肌,61,/root/paddlejob/workspace/env_run/penghaotian/datas/book_md/文档-健身书籍（3.17G）__青花鱼教练让男人拥有王字腹肌/pairs_文档-健身书籍（3.17G）__青花鱼教练让男人拥有王字腹肌_2026-05-07.json
青花鱼教练让女人拥有S形曲线,61,/root/paddlejob/workspace/env_run/penghaotian/datas/book_md/青花鱼教练让女人拥有S形曲线/pairs_青花鱼教练让女人拥有S形曲线_2026-05-07.json
Yoga_Anatomy,60,/root/paddlejob/workspace/env_run/penghaotian/datas/book_md/Yoga_Anatomy/pairs_Yoga_Anatomy_2026-05-07.json
《10周打造超MAN体态》,60,/root/paddlejob/workspace/env_run/penghaotian/datas/book_md/《10周打造超MAN体态》/pairs_《10周打造超MAN体态》_2026-05-07.json
《青花鱼教练让男人拥有王字腹肌》,60,/root/paddlejob/workspace/env_run/penghaotian/datas/book_md/《青花鱼教练让男人拥有王字腹肌》/pairs_《青花鱼教练让男人拥有王字腹肌》_2026-05-07.json
囚徒健身,60,/root/paddlejob/workspace/env_run/penghaotian/datas/book_md/囚徒健身/pairs_囚徒健身_2026-05-07.json
囚徒健身.(美),60,/root/paddlejob/workspace/env_run/penghaotian/datas/book_md/囚徒健身.(美)/pairs_囚徒健身.(美)_2026-05-07.json
囚徒健身中文完整版[保罗·威德],60,/root/paddlejob/workspace/env_run/penghaotian/datas/book_md/囚徒健身中文完整版[保罗·威德]/pairs_囚徒健身中文完整版[保罗·威德]_2026-05-07.json
基于生物力学的纠正性训练 (贾斯汀·普莱斯) (Z-Library),60,/root/paddlejob/workspace/env_run/penghaotian/datas/book_md/基于生物力学的纠正性训练 (贾斯汀·普莱斯) (Z-Library)/pairs_基于生物力学的纠正性训练 (贾斯汀·普莱斯) (Z-Library)_2026-05-07.json
运动拉伸实用手册,60,/root/paddlejob/workspace/env_run/penghaotian/datas/book_md/运动拉伸实用手册/pairs_运动拉伸实用手册_2026-05-07.json
《三维图解：体能增强书》【美】莫纳夏,59,/root/paddlejob/workspace/env_run/penghaotian/datas/book_md/《三维图解：体能增强书》【美】莫纳夏/pairs_《三维图解：体能增强书》【美】莫纳夏_2026-05-07.json
运动拉伸实用手册(1),59,/root/paddlejob/workspace/env_run/penghaotian/datas/book_md/运动拉伸实用手册(1)/pairs_运动拉伸实用手册(1)_2026-05-07.json
运动解剖学图谱 第3版,59,/root/paddlejob/workspace/env_run/penghaotian/datas/book_md/运动解剖学图谱 第3版/pairs_运动解剖学图谱 第3版_2026-05-07.json
（台版）肌肉骨骼系統肌動學復健醫學基礎,59,/root/paddlejob/workspace/env_run/penghaotian/datas/book_md/（台版）肌肉骨骼系統肌動學復健醫學基礎/pairs_（台版）肌肉骨骼系統肌動學復健醫學基礎_2026-05-07.json
NSCA_私人教练基础,58,/root/paddlejob/workspace/env_run/penghaotian/datas/book_md/NSCA_私人教练基础/pairs_NSCA_私人教练基础_2026-05-06.json
[健身解剖指南].(美)尼克.埃文斯.扫描版,58,/root/paddlejob/workspace/env_run/penghaotian/datas/book_md/[健身解剖指南].(美)尼克.埃文斯.扫描版/pairs_[健身解剖指南].(美)尼克.埃文斯.扫描版_2026-05-07.json
《YOU身体锻炼手册 真实年龄健身计划》 ,58,/root/paddlejob/workspace/env_run/penghaotian/datas/book_md/《YOU身体锻炼手册 真实年龄健身计划》 /pairs_《YOU身体锻炼手册 真实年龄健身计划》 _2026-05-07.json
《肌肉健美训练图解》【法】,58,/root/paddlejob/workspace/env_run/penghaotian/datas/book_md/《肌肉健美训练图解》【法】/pairs_《肌肉健美训练图解》【法】_2026-05-07.json
《青花鱼教练让女人拥有S形曲线》,58,/root/paddlejob/workspace/env_run/penghaotian/datas/book_md/《青花鱼教练让女人拥有S形曲线》/pairs_《青花鱼教练让女人拥有S形曲线》_2026-05-07.json
囚徒健身1,58,/root/paddlejob/workspace/env_run/penghaotian/datas/book_md/囚徒健身1/pairs_囚徒健身1_2026-05-07.json
囚徒健身1 用失传的技艺练就强大的生存实力,58,/root/paddlejob/workspace/env_run/penghaotian/datas/book_md/囚徒健身1 用失传的技艺练就强大的生存实力/pairs_囚徒健身1 用失传的技艺练就强大的生存实力_2026-05-07.json
肌肉健美训练图解（高清晰）,58,/root/paddlejob/workspace/env_run/penghaotian/datas/book_md/肌肉健美训练图解（高清晰）/pairs_肌肉健美训练图解（高清晰）_2026-05-07.json
解剖英文版,58,/root/paddlejob/workspace/env_run/penghaotian/datas/book_md/解剖英文版/pairs_解剖英文版_2026-05-07.json
[女性跑步健体书].(英)墨菲.扫描版,57,/root/paddlejob/workspace/env_run/penghaotian/datas/book_md/[女性跑步健体书].(英)墨菲.扫描版/pairs_[女性跑步健体书].(英)墨菲.扫描版_2026-05-07.json
[男士健身2013年5月]Mens.Fitness.may.2013.美国健身杂志社.影印版,57,/root/paddlejob/workspace/env_run/penghaotian/datas/book_md/[男士健身2013年5月]Mens.Fitness.may.2013.美国健身杂志社.影印版/pairs_[男士健身2013年5月]Mens.Fitness.may.2013.美国健身杂_2026-05-07.json
健身书籍02   34本__青花鱼教练让男人拥有王字腹肌,57,/root/paddlejob/workspace/env_run/penghaotian/datas/book_md/健身书籍02   34本__青花鱼教练让男人拥有王字腹肌/pairs_健身书籍02   34本__青花鱼教练让男人拥有王字腹肌_2026-05-07.json
运动解剖学图谱（第3版）,57,/root/paddlejob/workspace/env_run/penghaotian/datas/book_md/运动解剖学图谱（第3版）/pairs_运动解剖学图谱（第3版）_2026-05-07.json
健身解剖指南,56,/root/paddlejob/workspace/env_run/penghaotian/datas/book_md/健身解剖指南/pairs_健身解剖指南_2026-05-07.json
囚徒健身（中文完整版）（保罗·威德）,56,/root/paddlejob/workspace/env_run/penghaotian/datas/book_md/囚徒健身（中文完整版）（保罗·威德）/pairs_囚徒健身（中文完整版）（保罗·威德）_2026-05-07.json
解剖列车第三版,56,/root/paddlejob/workspace/env_run/penghaotian/datas/book_md/解剖列车第三版/pairs_解剖列车第三版_2026-05-07.json
YOU身体锻炼手册 真实年龄健身计划 (1),55,/root/paddlejob/workspace/env_run/penghaotian/datas/book_md/YOU身体锻炼手册 真实年龄健身计划 (1)/pairs_YOU身体锻炼手册 真实年龄健身计划 (1)_2026-05-07.json
健身书籍02   34本__囚徒健身2翻译版,55,/root/paddlejob/workspace/env_run/penghaotian/datas/book_md/健身书籍02   34本__囚徒健身2翻译版/pairs_健身书籍02   34本__囚徒健身2翻译版_2026-05-07.json
囚徒健身 Convict Conditioning,55,/root/paddlejob/workspace/env_run/penghaotian/datas/book_md/囚徒健身 Convict Conditioning/pairs_囚徒健身 Convict Conditioning_2026-05-07.json
核心肌肉訓練,55,/root/paddlejob/workspace/env_run/penghaotian/datas/book_md/核心肌肉訓練/pairs_核心肌肉訓練_2026-05-07.json
骨骼肌肉功能解剖学+第2版_唐纳德·A.诺依...,55,/root/paddlejob/workspace/env_run/penghaotian/datas/book_md/骨骼肌肉功能解剖学+第2版_唐纳德·A.诺依.../pairs_骨骼肌肉功能解剖学+第2版_唐纳德·A.诺依..._2026-05-07.json
《健身解剖指南》,54,/root/paddlejob/workspace/env_run/penghaotian/datas/book_md/《健身解剖指南》/pairs_《健身解剖指南》_2026-05-07.json
《男子塑型减肥4周方案·彩图版》高信东,54,/root/paddlejob/workspace/env_run/penghaotian/datas/book_md/《男子塑型减肥4周方案·彩图版》高信东/pairs_《男子塑型减肥4周方案·彩图版》高信东_2026-05-07.json
力量与肌肉训练图谱(1),54,/root/paddlejob/workspace/env_run/penghaotian/datas/book_md/力量与肌肉训练图谱(1)/pairs_力量与肌肉训练图谱(1)_2026-05-07.json
第6期 解剖列车第三版中文,54,/root/paddlejob/workspace/env_run/penghaotian/datas/book_md/第6期 解剖列车第三版中文/pairs_第6期 解剖列车第三版中文_2026-05-07.json
1-运动训练基础理论 (横滨市运动医学中心) ,53,/root/paddlejob/workspace/env_run/penghaotian/datas/book_md/1-运动训练基础理论 (横滨市运动医学中心) /pairs_1-运动训练基础理论 (横滨市运动医学中心) _2026-05-06.json
《健美技巧图解》曹兵,53,/root/paddlejob/workspace/env_run/penghaotian/datas/book_md/《健美技巧图解》曹兵/pairs_《健美技巧图解》曹兵_2026-05-07.json
核心区训练--改善身体及生活的革命式训练方案--美国翻译版0(1),53,/root/paddlejob/workspace/env_run/penghaotian/datas/book_md/核心区训练--改善身体及生活的革命式训练方案--美国翻译版0(1)/pairs_核心区训练--改善身体及生活的革命式训练方案--美国翻译版0(1)_2026-05-07.json
牵伸解剖指南,53,/root/paddlejob/workspace/env_run/penghaotian/datas/book_md/牵伸解剖指南/pairs_牵伸解剖指南_2026-05-07.json
肌肉骨骼系统的运动学，基础康复（2010高清英文版）Kinesiology of the Musculoskeletal System,Foundations for Rehabilitation,second edition,53,/root/paddlejob/workspace/env_run/penghaotian/datas/book_md/肌肉骨骼系统的运动学，基础康复（2010高清英文版）Kinesiology of the Musculoskeletal System,Foundations for Rehabilitation,second edition/pairs_肌肉骨骼系统的运动学，基础康复（2010高清英文版）Kinesiology of_2026-05-07.json
骨骼肌肉功能解剖学（第2版）,53,/root/paddlejob/workspace/env_run/penghaotian/datas/book_md/骨骼肌肉功能解剖学（第2版）/pairs_骨骼肌肉功能解剖学（第2版）_2026-05-07.json
Anatomy of Movement,52,/root/paddlejob/workspace/env_run/penghaotian/datas/book_md/Anatomy of Movement/pairs_Anatomy of Movement_2026-05-06.json
NSCA_Strength training,52,/root/paddlejob/workspace/env_run/penghaotian/datas/book_md/NSCA_Strength training/pairs_NSCA_Strength training_2026-05-06.json
Pavel_Tsatsouline_-_The_Naked_Warrior徒...,52,/root/paddlejob/workspace/env_run/penghaotian/datas/book_md/Pavel_Tsatsouline_-_The_Naked_Warrior徒.../pairs_Pavel_Tsatsouline_-_The_Naked_Warrior徒.._2026-05-07.json
[力量与肌肉训练图解].(英)马克·韦勒.扫描版,52,/root/paddlejob/workspace/env_run/penghaotian/datas/book_md/[力量与肌肉训练图解].(英)马克·韦勒.扫描版/pairs_[力量与肌肉训练图解].(英)马克·韦勒.扫描版_2026-05-07.json
《力量与肌肉训练图解》【法】德拉威尔,52,/root/paddlejob/workspace/env_run/penghaotian/datas/book_md/《力量与肌肉训练图解》【法】德拉威尔/pairs_《力量与肌肉训练图解》【法】德拉威尔_2026-05-07.json
《拉伸101》,52,/root/paddlejob/workspace/env_run/penghaotian/datas/book_md/《拉伸101》/pairs_《拉伸101》_2026-05-07.json
《瑜伽3D解剖书-2(动作篇)》,52,/root/paddlejob/workspace/env_run/penghaotian/datas/book_md/《瑜伽3D解剖书-2(动作篇)》/pairs_《瑜伽3D解剖书-2(动作篇)》_2026-05-07.json
健身书籍01   167本__运动解剖学图谱（第2版）,52,/root/paddlejob/workspace/env_run/penghaotian/datas/book_md/健身书籍01   167本__运动解剖学图谱（第2版）/pairs_健身书籍01   167本__运动解剖学图谱（第2版）_2026-05-07.json
健身书籍03  24本__肌肉健美训练图解,52,/root/paddlejob/workspace/env_run/penghaotian/datas/book_md/健身书籍03  24本__肌肉健美训练图解/pairs_健身书籍03  24本__肌肉健美训练图解_2026-05-07.json
已上架1008——NSCA——NSCA+National+Stre...,52,/root/paddlejob/workspace/env_run/penghaotian/datas/book_md/已上架1008——NSCA——NSCA+National+Stre.../pairs_已上架1008——NSCA——NSCA+National+Stre..._2026-05-07.json
普拉提自学天书,52,/root/paddlejob/workspace/env_run/penghaotian/datas/book_md/普拉提自学天书/pairs_普拉提自学天书_2026-05-07.json
健身书籍01   167本__囚徒健身2翻译版,51,/root/paddlejob/workspace/env_run/penghaotian/datas/book_md/健身书籍01   167本__囚徒健身2翻译版/pairs_健身书籍01   167本__囚徒健身2翻译版_2026-05-07.json
核心区训练--改善身体及生活的革命式训练方案--美国翻译版0,51,/root/paddlejob/workspace/env_run/penghaotian/datas/book_md/核心区训练--改善身体及生活的革命式训练方案--美国翻译版0/pairs_核心区训练--改善身体及生活的革命式训练方案--美国翻译版0_2026-05-07.json
运动解剖学图谱（第2版）,51,/root/paddlejob/workspace/env_run/penghaotian/datas/book_md/运动解剖学图谱（第2版）/pairs_运动解剖学图谱（第2版）_2026-05-07.json
《力量与博击训练》,50,/root/paddlejob/workspace/env_run/penghaotian/datas/book_md/《力量与博击训练》/pairs_《力量与博击训练》_2026-05-07.json
人体解剖全书,50,/root/paddlejob/workspace/env_run/penghaotian/datas/book_md/人体解剖全书/pairs_人体解剖全书_2026-05-07.json
健身书籍06  58本__肌肉健美训练图解,50,/root/paddlejob/workspace/env_run/penghaotian/datas/book_md/健身书籍06  58本__肌肉健美训练图解/pairs_健身书籍06  58本__肌肉健美训练图解_2026-05-07.json
力量与肌肉训练图谱,50,/root/paddlejob/workspace/env_run/penghaotian/datas/book_md/力量与肌肉训练图谱/pairs_力量与肌肉训练图谱_2026-05-07.json
囚徒健身1英文版,50,/root/paddlejob/workspace/env_run/penghaotian/datas/book_md/囚徒健身1英文版/pairs_囚徒健身1英文版_2026-05-07.json
解剖列车.pdf,50,/root/paddlejob/workspace/env_run/penghaotian/datas/book_md/解剖列车.pdf/pairs_解剖列车.pdf_2026-05-07.json
解剖列车第三版中文,50,/root/paddlejob/workspace/env_run/penghaotian/datas/book_md/解剖列车第三版中文/pairs_解剖列车第三版中文_2026-05-07.json
[肌肉健美训练图解（最新版）].（法）德拉威尔.扫描版,49,/root/paddlejob/workspace/env_run/penghaotian/datas/book_md/[肌肉健美训练图解（最新版）].（法）德拉威尔.扫描版/pairs_[肌肉健美训练图解（最新版）].（法）德拉威尔.扫描版_2026-05-07.json
《美腰力，轻松塑造小蛮腰》,49,/root/paddlejob/workspace/env_run/penghaotian/datas/book_md/《美腰力，轻松塑造小蛮腰》/pairs_《美腰力，轻松塑造小蛮腰》_2026-05-07.json
力量与肌肉训练图解,49,/root/paddlejob/workspace/env_run/penghaotian/datas/book_md/力量与肌肉训练图解/pairs_力量与肌肉训练图解_2026-05-07.json
已上架604——NSCA——NSCA：DEVELOPING+EN...,49,/root/paddlejob/workspace/env_run/penghaotian/datas/book_md/已上架604——NSCA——NSCA：DEVELOPING+EN.../pairs_已上架604——NSCA——NSCA：DEVELOPING+EN..._2026-05-07.json
运动解剖学图谱（修订版）,48,/root/paddlejob/workspace/env_run/penghaotian/datas/book_md/运动解剖学图谱（修订版）/pairs_运动解剖学图谱（修订版）_2026-05-07.json
EXOS：核心区训练--改善身体及生活的革命式训练方案,47,/root/paddlejob/workspace/env_run/penghaotian/datas/book_md/EXOS：核心区训练--改善身体及生活的革命式训练方案/pairs_EXOS：核心区训练--改善身体及生活的革命式训练方案_2026-05-06.json
NSCA：耐力训练,47,/root/paddlejob/workspace/env_run/penghaotian/datas/book_md/NSCA：耐力训练/pairs_NSCA：耐力训练_2026-05-06.json
[图解瑜伽经：现在开始讲瑜伽].(印度)帕谭佳里.扫描版,47,/root/paddlejob/workspace/env_run/penghaotian/datas/book_md/[图解瑜伽经：现在开始讲瑜伽].(印度)帕谭佳里.扫描版/pairs_[图解瑜伽经：现在开始讲瑜伽].(印度)帕谭佳里.扫描版_2026-05-07.json
[新手瑜伽]Yoga.for.Beginner,47,/root/paddlejob/workspace/env_run/penghaotian/datas/book_md/[新手瑜伽]Yoga.for.Beginner/pairs_[新手瑜伽]Yoga.for.Beginner_2026-05-07.json
《运动解剖学图谱》（第2版）,47,/root/paddlejob/workspace/env_run/penghaotian/datas/book_md/《运动解剖学图谱》（第2版）/pairs_《运动解剖学图谱》（第2版）_2026-05-07.json
人体运动分析+袁庆成编著+人民体育出版社+1...,47,/root/paddlejob/workspace/env_run/penghaotian/datas/book_md/人体运动分析+袁庆成编著+人民体育出版社+1.../pairs_人体运动分析+袁庆成编著+人民体育出版社+1..._2026-05-07.json
动态拉伸训练--创新热身方法提高肌肉力量强化动作技术增加动作幅度--美国翻译版01,47,/root/paddlejob/workspace/env_run/penghaotian/datas/book_md/动态拉伸训练--创新热身方法提高肌肉力量强化动作技术增加动作幅度--美国翻译版01/pairs_动态拉伸训练--创新热身方法提高肌肉力量强化动作技术增加动作幅度--美国翻译版0_2026-05-07.json
器械健身完全指南,47,/root/paddlejob/workspace/env_run/penghaotian/datas/book_md/器械健身完全指南/pairs_器械健身完全指南_2026-05-07.json
第6期 解剖列车(第二版),47,/root/paddlejob/workspace/env_run/penghaotian/datas/book_md/第6期 解剖列车(第二版)/pairs_第6期 解剖列车(第二版)_2026-05-07.json
解剖列车(第二版)--中文版,47,/root/paddlejob/workspace/env_run/penghaotian/datas/book_md/解剖列车(第二版)--中文版/pairs_解剖列车(第二版)--中文版_2026-05-07.json
运动解剖学图谱马梁整理15383866958（第2版）,47,/root/paddlejob/workspace/env_run/penghaotian/datas/book_md/运动解剖学图谱马梁整理15383866958（第2版）/pairs_运动解剖学图谱马梁整理15383866958（第2版）_2026-05-07.json
文档-健身书籍（3.17G）__运动解剖学图谱（第2版）,46,/root/paddlejob/workspace/env_run/penghaotian/datas/book_md/文档-健身书籍（3.17G）__运动解剖学图谱（第2版）/pairs_文档-健身书籍（3.17G）__运动解剖学图谱（第2版）_2026-05-07.json
耐力训练-美国翻译版0,46,/root/paddlejob/workspace/env_run/penghaotian/datas/book_md/耐力训练-美国翻译版0/pairs_耐力训练-美国翻译版0_2026-05-07.json
我的运动解剖学图谱（第2版）,45,/root/paddlejob/workspace/env_run/penghaotian/datas/book_md/我的运动解剖学图谱（第2版）/pairs_我的运动解剖学图谱（第2版）_2026-05-07.json
拉斐肌肉训练,45,/root/paddlejob/workspace/env_run/penghaotian/datas/book_md/拉斐肌肉训练/pairs_拉斐肌肉训练_2026-05-07.json
中长跑：现代技术训练与健身,44,/root/paddlejob/workspace/env_run/penghaotian/datas/book_md/中长跑：现代技术训练与健身/pairs_中长跑：现代技术训练与健身_2026-05-07.json
军人体能训练法,44,/root/paddlejob/workspace/env_run/penghaotian/datas/book_md/军人体能训练法/pairs_军人体能训练法_2026-05-07.json
动态拉伸训练--创新热身方法提高肌肉力量强化动作技术增加动作幅度--美国翻译版0(1),44,/root/paddlejob/workspace/env_run/penghaotian/datas/book_md/动态拉伸训练--创新热身方法提高肌肉力量强化动作技术增加动作幅度--美国翻译版0(1)/pairs_动态拉伸训练--创新热身方法提高肌肉力量强化动作技术增加动作幅度--美国翻译版0_2026-05-07.json
解剖列车(第二版)针对徒手和动作治疗师的肌筋膜经验,44,/root/paddlejob/workspace/env_run/penghaotian/datas/book_md/解剖列车(第二版)针对徒手和动作治疗师的肌筋膜经验/pairs_解剖列车(第二版)针对徒手和动作治疗师的肌筋膜经验_2026-05-07.json
解剖列车中文第三版 third edition,44,/root/paddlejob/workspace/env_run/penghaotian/datas/book_md/解剖列车中文第三版 third edition/pairs_解剖列车中文第三版 third edition_2026-05-07.json
解剖列车针对徒手和动作治疗师的肌筋膜经验马梁15383866958,44,/root/paddlejob/workspace/env_run/penghaotian/datas/book_md/解剖列车针对徒手和动作治疗师的肌筋膜经验马梁15383866958/pairs_解剖列车针对徒手和动作治疗师的肌筋膜经验马梁15383866958_2026-05-07.json
韦德健美训练法,44,/root/paddlejob/workspace/env_run/penghaotian/datas/book_md/韦德健美训练法/pairs_韦德健美训练法_2026-05-07.json
马梁解剖列车(第二版)针对徒手和动作治疗师的肌筋膜经验,44,/root/paddlejob/workspace/env_run/penghaotian/datas/book_md/马梁解剖列车(第二版)针对徒手和动作治疗师的肌筋膜经验/pairs_马梁解剖列车(第二版)针对徒手和动作治疗师的肌筋膜经验_2026-05-07.json
[办公室保健小动作].董安立.扫描版,43,/root/paddlejob/workspace/env_run/penghaotian/datas/book_md/[办公室保健小动作].董安立.扫描版/pairs_[办公室保健小动作].董安立.扫描版_2026-05-07.json
基础肌动学 台版,43,/root/paddlejob/workspace/env_run/penghaotian/datas/book_md/基础肌动学 台版/pairs_基础肌动学 台版_2026-05-07.json
瑜伽健身术：身体的奇迹，向80岁老人学瑜伽养生,43,/root/paddlejob/workspace/env_run/penghaotian/datas/book_md/瑜伽健身术：身体的奇迹，向80岁老人学瑜伽养生/pairs_瑜伽健身术：身体的奇迹，向80岁老人学瑜伽养生_2026-05-07.json
骨盘美人重整计划,42,/root/paddlejob/workspace/env_run/penghaotian/datas/book_md/骨盘美人重整计划/pairs_骨盘美人重整计划_2026-05-07.json
[健身最需要知道的449个问题].矫玮.扫描版,41,/root/paddlejob/workspace/env_run/penghaotian/datas/book_md/[健身最需要知道的449个问题].矫玮.扫描版/pairs_[健身最需要知道的449个问题].矫玮.扫描版_2026-05-07.json
[牵伸解剖指南].(美)尤卡.科科宁.(美)阿诺德.G.纳尔逊.扫描版,41,/root/paddlejob/workspace/env_run/penghaotian/datas/book_md/[牵伸解剖指南].(美)尤卡.科科宁.(美)阿诺德.G.纳尔逊.扫描版/pairs_[牵伸解剖指南].(美)尤卡.科科宁.(美)阿诺德.G.纳尔逊.扫描版_2026-05-07.json
《手臂肌肉训练》,41,/root/paddlejob/workspace/env_run/penghaotian/datas/book_md/《手臂肌肉训练》/pairs_《手臂肌肉训练》_2026-05-07.json
动态拉伸训练--创新热身方法提高肌肉力量强化动作技术增加动作幅度--美国翻译版0,41,/root/paddlejob/workspace/env_run/penghaotian/datas/book_md/动态拉伸训练--创新热身方法提高肌肉力量强化动作技术增加动作幅度--美国翻译版0/pairs_动态拉伸训练--创新热身方法提高肌肉力量强化动作技术增加动作幅度--美国翻译版0_2026-05-07.json
已上架664——NSCA——NSCA：Developing+Ag...,41,/root/paddlejob/workspace/env_run/penghaotian/datas/book_md/已上架664——NSCA——NSCA：Developing+Ag.../pairs_已上架664——NSCA——NSCA：Developing+Ag..._2026-05-07.json
最佳肌肉训练,41,/root/paddlejob/workspace/env_run/penghaotian/datas/book_md/最佳肌肉训练/pairs_最佳肌肉训练_2026-05-07.json
Stretch,40,/root/paddlejob/workspace/env_run/penghaotian/datas/book_md/Stretch/pairs_Stretch_2026-05-07.json
[女子减肥塑身4周方案·彩图版].王竹.扫描版,40,/root/paddlejob/workspace/env_run/penghaotian/datas/book_md/[女子减肥塑身4周方案·彩图版].王竹.扫描版/pairs_[女子减肥塑身4周方案·彩图版].王竹.扫描版_2026-05-07.json
《精准拉伸》,40,/root/paddlejob/workspace/env_run/penghaotian/datas/book_md/《精准拉伸》/pairs_《精准拉伸》_2026-05-07.json
Jay Dawes; Mark Roozen; National Strength & Conditioning Association U.S. Developing agility and quickness,39,/root/paddlejob/workspace/env_run/penghaotian/datas/book_md/Jay Dawes; Mark Roozen; National Strength & Conditioning Association U.S. Developing agility and quickness/pairs_Jay Dawes; Mark Roozen; National Strengt_2026-05-06.json
NSCA_Guide to program design,39,/root/paddlejob/workspace/env_run/penghaotian/datas/book_md/NSCA_Guide to program design/pairs_NSCA_Guide to program design_2026-05-06.json
《牵伸解剖指南》【美】,39,/root/paddlejob/workspace/env_run/penghaotian/datas/book_md/《牵伸解剖指南》【美】/pairs_《牵伸解剖指南》【美】_2026-05-07.json
NSCA：体能训练设计指南,38,/root/paddlejob/workspace/env_run/penghaotian/datas/book_md/NSCA：体能训练设计指南/pairs_NSCA：体能训练设计指南_2026-05-06.json
[男士完全健身手册]Men's.Health.-.Total.Body.Workbook,38,/root/paddlejob/workspace/env_run/penghaotian/datas/book_md/[男士完全健身手册]Men's.Health.-.Total.Body.Workbook/pairs_[男士完全健身手册]Men's.Health.-.Total.Body.Work_2026-05-07.json
已上架1009——NSCA——NSCA’s+guide+to+p...,38,/root/paddlejob/workspace/env_run/penghaotian/datas/book_md/已上架1009——NSCA——NSCA’s+guide+to+p.../pairs_已上架1009——NSCA——NSCA’s+guide+to+p..._2026-05-07.json
灵敏训练-美国翻译版0,38,/root/paddlejob/workspace/env_run/penghaotian/datas/book_md/灵敏训练-美国翻译版0/pairs_灵敏训练-美国翻译版0_2026-05-07.json
怀斯曼生存手册2-强身手册 ,37,/root/paddlejob/workspace/env_run/penghaotian/datas/book_md/怀斯曼生存手册2-强身手册 /pairs_怀斯曼生存手册2-强身手册 _2026-05-07.json
骨关节功能解剖学++中卷：下肢_12938817,37,/root/paddlejob/workspace/env_run/penghaotian/datas/book_md/骨关节功能解剖学++中卷：下肢_12938817/pairs_骨关节功能解剖学++中卷：下肢_12938817_2026-05-07.json
17,36,/root/paddlejob/workspace/env_run/penghaotian/datas/book_md/17/pairs_17_2026-05-06.json
36,35,/root/paddlejob/workspace/env_run/penghaotian/datas/book_md/36/pairs_36_2026-05-06.json
《蕙兰瑜伽  1  生活方式与自然疗愈》,35,/root/paddlejob/workspace/env_run/penghaotian/datas/book_md/《蕙兰瑜伽  1  生活方式与自然疗愈》/pairs_《蕙兰瑜伽  1  生活方式与自然疗愈》_2026-05-07.json
《国外运动训练科学译丛》 体能训练设计指南,34,/root/paddlejob/workspace/env_run/penghaotian/datas/book_md/《国外运动训练科学译丛》 体能训练设计指南/pairs_《国外运动训练科学译丛》 体能训练设计指南_2026-05-07.json
《硬派健身》,34,/root/paddlejob/workspace/env_run/penghaotian/datas/book_md/《硬派健身》/pairs_《硬派健身》_2026-05-07.json
《硬派健身》扫,34,/root/paddlejob/workspace/env_run/penghaotian/datas/book_md/《硬派健身》扫/pairs_《硬派健身》扫_2026-05-07.json
中国青少年教学训练田径大纲 中国田径协会2009年 (中国田径协会编, 中国田径协会编, 中国田径协会),34,/root/paddlejob/workspace/env_run/penghaotian/datas/book_md/中国青少年教学训练田径大纲 中国田径协会2009年 (中国田径协会编, 中国田径协会编, 中国田径协会)/pairs_中国青少年教学训练田径大纲 中国田径协会2009年 (中国田径协会编, 中国田径_2026-05-07.json
硬派健身,34,/root/paddlejob/workspace/env_run/penghaotian/datas/book_md/硬派健身/pairs_硬派健身_2026-05-07.json
第8期基础肌动学,34,/root/paddlejob/workspace/env_run/penghaotian/datas/book_md/第8期基础肌动学/pairs_第8期基础肌动学_2026-05-07.json
训练从大脑开始 实现运动能力突破的神经训练系统方案_吕嘉欣主译2023年（彩图）,34,/root/paddlejob/workspace/env_run/penghaotian/datas/book_md/训练从大脑开始 实现运动能力突破的神经训练系统方案_吕嘉欣主译2023年（彩图）/pairs_训练从大脑开始 实现运动能力突破的神经训练系统方案_吕嘉欣主译2023年（彩图）_2026-05-07.json
运动按摩,34,/root/paddlejob/workspace/env_run/penghaotian/datas/book_md/运动按摩/pairs_运动按摩_2026-05-07.json
骨盘美体操,34,/root/paddlejob/workspace/env_run/penghaotian/datas/book_md/骨盘美体操/pairs_骨盘美体操_2026-05-07.json
Stretching Your Boundaries Flexibility Training for Extreme Calisthenic Strength,33,/root/paddlejob/workspace/env_run/penghaotian/datas/book_md/Stretching Your Boundaries Flexibility Training for Extreme Calisthenic Strength/pairs_Stretching Your Boundaries Flexibility T_2026-05-07.json
体能训练晴雨表,33,/root/paddlejob/workspace/env_run/penghaotian/datas/book_md/体能训练晴雨表/pairs_体能训练晴雨表_2026-05-07.json
骨盘知识,33,/root/paddlejob/workspace/env_run/penghaotian/datas/book_md/骨盘知识/pairs_骨盘知识_2026-05-07.json
《郭老师的跑步课》郭丰州,32,/root/paddlejob/workspace/env_run/penghaotian/datas/book_md/《郭老师的跑步课》郭丰州/pairs_《郭老师的跑步课》郭丰州_2026-05-07.json
乒乓球 (少年儿童业余训练教材) (少年儿童业余训练《乒乓球》教材编写组编),32,/root/paddlejob/workspace/env_run/penghaotian/datas/book_md/乒乓球 (少年儿童业余训练教材) (少年儿童业余训练《乒乓球》教材编写组编)/pairs_乒乓球 (少年儿童业余训练教材) (少年儿童业余训练《乒乓球》教材编写组编)_2026-05-07.json
功能性动作训练的理论与方法（PPT）,32,/root/paddlejob/workspace/env_run/penghaotian/datas/book_md/功能性动作训练的理论与方法（PPT）/pairs_功能性动作训练的理论与方法（PPT）_2026-05-07.json
教练保罗的第三本书《C-MASS》中文翻译版【复活玩家】倾力制作,32,/root/paddlejob/workspace/env_run/penghaotian/datas/book_md/教练保罗的第三本书《C-MASS》中文翻译版【复活玩家】倾力制作/pairs_教练保罗的第三本书《C-MASS》中文翻译版【复活玩家】倾力制作_2026-05-07.json
颠覆性徒手训练法（中文精简版）,32,/root/paddlejob/workspace/env_run/penghaotian/datas/book_md/颠覆性徒手训练法（中文精简版）/pairs_颠覆性徒手训练法（中文精简版）_2026-05-07.json
C-MASS中文翻译【复活玩家】倾力制作,31,/root/paddlejob/workspace/env_run/penghaotian/datas/book_md/C-MASS中文翻译【复活玩家】倾力制作/pairs_C-MASS中文翻译【复活玩家】倾力制作_2026-05-06.json
体能训练设计指南--美国翻译版0,31,/root/paddlejob/workspace/env_run/penghaotian/datas/book_md/体能训练设计指南--美国翻译版0/pairs_体能训练设计指南--美国翻译版0_2026-05-07.json
美式整脊技术-原理与操作,31,/root/paddlejob/workspace/env_run/penghaotian/datas/book_md/美式整脊技术-原理与操作/pairs_美式整脊技术-原理与操作_2026-05-07.json
肌肉健美训练图解_下,31,/root/paddlejob/workspace/env_run/penghaotian/datas/book_md/肌肉健美训练图解_下/pairs_肌肉健美训练图解_下_2026-05-07.json
肌肉骨骼系统基础生物力学,30,/root/paddlejob/workspace/env_run/penghaotian/datas/book_md/肌肉骨骼系统基础生物力学/pairs_肌肉骨骼系统基础生物力学_2026-05-07.json
囚徒增肌,28,/root/paddlejob/workspace/env_run/penghaotian/datas/book_md/囚徒增肌/pairs_囚徒增肌_2026-05-07.json
《运动康复生物力学》,27,/root/paddlejob/workspace/env_run/penghaotian/datas/book_md/《运动康复生物力学》/pairs_《运动康复生物力学》_2026-05-07.json
跑步,该怎么跑-实战操练手册,27,/root/paddlejob/workspace/env_run/penghaotian/datas/book_md/跑步,该怎么跑-实战操练手册/pairs_跑步,该怎么跑-实战操练手册_2026-05-07.json
平衡球训练,26,/root/paddlejob/workspace/env_run/penghaotian/datas/book_md/平衡球训练/pairs_平衡球训练_2026-05-07.json
竞技能力的全面发展  身体功能训练的艺术和科学,26,/root/paddlejob/workspace/env_run/penghaotian/datas/book_md/竞技能力的全面发展  身体功能训练的艺术和科学/pairs_竞技能力的全面发展  身体功能训练的艺术和科学_2026-05-07.json
肌肉骨骼系统基础生物力学__郭霞编著_Pg307,26,/root/paddlejob/workspace/env_run/penghaotian/datas/book_md/肌肉骨骼系统基础生物力学__郭霞编著_Pg307/pairs_肌肉骨骼系统基础生物力学__郭霞编著_Pg307_2026-05-07.json
颠覆性的徒手训练法,26,/root/paddlejob/workspace/env_run/penghaotian/datas/book_md/颠覆性的徒手训练法/pairs_颠覆性的徒手训练法_2026-05-07.json
Men's Health-男士完全健身手册_cropped,25,/root/paddlejob/workspace/env_run/penghaotian/datas/book_md/Men's Health-男士完全健身手册_cropped/pairs_Men's Health-男士完全健身手册_cropped_2026-05-06.json
体态研究,25,/root/paddlejob/workspace/env_run/penghaotian/datas/book_md/体态研究/pairs_体态研究_2026-05-07.json
排球 少年儿童业余训练教材 (少年儿童业余训练《排球》教材编写组编) ,25,/root/paddlejob/workspace/env_run/penghaotian/datas/book_md/排球 少年儿童业余训练教材 (少年儿童业余训练《排球》教材编写组编) /pairs_排球 少年儿童业余训练教材 (少年儿童业余训练《排球》教材编写组编) _2026-05-07.json
[多活50年系列：力量训练].(美)韦恩·韦斯科特.扫描版,24,/root/paddlejob/workspace/env_run/penghaotian/datas/book_md/[多活50年系列：力量训练].(美)韦恩·韦斯科特.扫描版/pairs_[多活50年系列：力量训练].(美)韦恩·韦斯科特.扫描版_2026-05-07.json
《“懒人”训练法之20分钟获得性感马甲线》,24,/root/paddlejob/workspace/env_run/penghaotian/datas/book_md/《“懒人”训练法之20分钟获得性感马甲线》/pairs_《“懒人”训练法之20分钟获得性感马甲线》_2026-05-07.json
《肌肉健美训练图解》(中)高清扫描珍藏版,24,/root/paddlejob/workspace/env_run/penghaotian/datas/book_md/《肌肉健美训练图解》(中)高清扫描珍藏版/pairs_《肌肉健美训练图解》(中)高清扫描珍藏版_2026-05-07.json
《酸痛拉筋解剖书》,24,/root/paddlejob/workspace/env_run/penghaotian/datas/book_md/《酸痛拉筋解剖书》/pairs_《酸痛拉筋解剖书》_2026-05-07.json
第14期力量训练的科学和实践,24,/root/paddlejob/workspace/env_run/penghaotian/datas/book_md/第14期力量训练的科学和实践/pairs_第14期力量训练的科学和实践_2026-05-07.json
足球 (《高等学校普通体育课教学参考书》编写组),24,/root/paddlejob/workspace/env_run/penghaotian/datas/book_md/足球 (《高等学校普通体育课教学参考书》编写组)/pairs_足球 (《高等学校普通体育课教学参考书》编写组)_2026-05-07.json
酸痛拉筋解剖书,23,/root/paddlejob/workspace/env_run/penghaotian/datas/book_md/酸痛拉筋解剖书/pairs_酸痛拉筋解剖书_2026-05-07.json
3-运动训练理论研究 -- 王琳,薛锋编著 -- Di 1 ban, Beijing, 2014 -- 北京_中国社会科学出版社 -- 9787516144183 -- 91bdacb74dd52ed2275aa84eec9035a5 -- Anna’s Archive,22,/root/paddlejob/workspace/env_run/penghaotian/datas/book_md/3-运动训练理论研究 -- 王琳,薛锋编著 -- Di 1 ban, Beijing, 2014 -- 北京_中国社会科学出版社 -- 9787516144183 -- 91bdacb74dd52ed2275aa84eec9035a5 -- Anna’s Archive/pairs_3-运动训练理论研究 -- 王琳,薛锋编著 -- Di 1 ban, Beiji_2026-05-06.json
《肌肉健美训练图解》(下)高清扫描珍藏版,22,/root/paddlejob/workspace/env_run/penghaotian/datas/book_md/《肌肉健美训练图解》(下)高清扫描珍藏版/pairs_《肌肉健美训练图解》(下)高清扫描珍藏版_2026-05-07.json
《酷能跑步营：7天重塑跑步人生》【美】奥顿,22,/root/paddlejob/workspace/env_run/penghaotian/datas/book_md/《酷能跑步营：7天重塑跑步人生》【美】奥顿/pairs_《酷能跑步营：7天重塑跑步人生》【美】奥顿_2026-05-07.json
弹跳力训练圣经,22,/root/paddlejob/workspace/env_run/penghaotian/datas/book_md/弹跳力训练圣经/pairs_弹跳力训练圣经_2026-05-07.json
自身体重训练,22,/root/paddlejob/workspace/env_run/penghaotian/datas/book_md/自身体重训练/pairs_自身体重训练_2026-05-07.json
功能解剖 肌与骨骼的解剖、功能及触诊,21,/root/paddlejob/workspace/env_run/penghaotian/datas/book_md/功能解剖 肌与骨骼的解剖、功能及触诊/pairs_功能解剖 肌与骨骼的解剖、功能及触诊_2026-05-07.json
第3期 酸痛拉筋解剖书,21,/root/paddlejob/workspace/env_run/penghaotian/datas/book_md/第3期 酸痛拉筋解剖书/pairs_第3期 酸痛拉筋解剖书_2026-05-07.json
骨与关节运动损伤_胡广2007,21,/root/paddlejob/workspace/env_run/penghaotian/datas/book_md/骨与关节运动损伤_胡广2007/pairs_骨与关节运动损伤_胡广2007_2026-05-07.json
HP入门书单3 Cael 2010-Functional_Anatomy,20,/root/paddlejob/workspace/env_run/penghaotian/datas/book_md/HP入门书单3 Cael 2010-Functional_Anatomy/pairs_HP入门书单3 Cael 2010-Functional_Anatomy_2026-05-06.json
一个人去跑步：马拉松1年级生(高木直子),20,/root/paddlejob/workspace/env_run/penghaotian/datas/book_md/一个人去跑步：马拉松1年级生(高木直子)/pairs_一个人去跑步：马拉松1年级生(高木直子)_2026-05-07.json
体适能基础理论,20,/root/paddlejob/workspace/env_run/penghaotian/datas/book_md/体适能基础理论/pairs_体适能基础理论_2026-05-07.json
1-运动训练教材合并,19,/root/paddlejob/workspace/env_run/penghaotian/datas/book_md/1-运动训练教材合并/pairs_1-运动训练教材合并_2026-05-06.json
力量训练的科学和实践  第2版_12790374,19,/root/paddlejob/workspace/env_run/penghaotian/datas/book_md/力量训练的科学和实践  第2版_12790374/pairs_力量训练的科学和实践  第2版_12790374_2026-05-07.json
当代体能和体能训练的演变 武汉体育学院 20141112,19,/root/paddlejob/workspace/env_run/penghaotian/datas/book_md/当代体能和体能训练的演变 武汉体育学院 20141112/pairs_当代体能和体能训练的演变 武汉体育学院 20141112_2026-05-07.json
运动解剖学,19,/root/paddlejob/workspace/env_run/penghaotian/datas/book_md/运动解剖学/pairs_运动解剖学_2026-05-07.json
集体性项目的体能训练--高水平竞技运动的专项身体准备（第二版）--美国翻译版0,19,/root/paddlejob/workspace/env_run/penghaotian/datas/book_md/集体性项目的体能训练--高水平竞技运动的专项身体准备（第二版）--美国翻译版0/pairs_集体性项目的体能训练--高水平竞技运动的专项身体准备（第二版）--美国翻译版0_2026-05-07.json
3分钟骨骼肌肉和周围神经检查_杨荣森2012译,18,/root/paddlejob/workspace/env_run/penghaotian/datas/book_md/3分钟骨骼肌肉和周围神经检查_杨荣森2012译/pairs_3分钟骨骼肌肉和周围神经检查_杨荣森2012译_2026-05-06.json
AM-艾伦 佛尔,18,/root/paddlejob/workspace/env_run/penghaotian/datas/book_md/AM-艾伦 佛尔/pairs_AM-艾伦 佛尔_2026-05-06.json
[哈他瑜伽关键肌肉全解].(美)瑞隆.扫描版,18,/root/paddlejob/workspace/env_run/penghaotian/datas/book_md/[哈他瑜伽关键肌肉全解].(美)瑞隆.扫描版/pairs_[哈他瑜伽关键肌肉全解].(美)瑞隆.扫描版_2026-05-07.json
《肌肉健美训练图解》(上)高清扫描珍藏版,18,/root/paddlejob/workspace/env_run/penghaotian/datas/book_md/《肌肉健美训练图解》(上)高清扫描珍藏版/pairs_《肌肉健美训练图解》(上)高清扫描珍藏版_2026-05-07.json
排球 (《高等学校普通体育课教学参考书》排球编写组) ,18,/root/paddlejob/workspace/env_run/penghaotian/datas/book_md/排球 (《高等学校普通体育课教学参考书》排球编写组) /pairs_排球 (《高等学校普通体育课教学参考书》排球编写组) _2026-05-07.json
羽毛球 (少年儿童业余训练教材《羽毛球》教材编写组编),18,/root/paddlejob/workspace/env_run/penghaotian/datas/book_md/羽毛球 (少年儿童业余训练教材《羽毛球》教材编写组编)/pairs_羽毛球 (少年儿童业余训练教材《羽毛球》教材编写组编)_2026-05-07.json
DK时尚健身04_天天普拉提_15分钟就够系列,17,/root/paddlejob/workspace/env_run/penghaotian/datas/book_md/DK时尚健身04_天天普拉提_15分钟就够系列/pairs_DK时尚健身04_天天普拉提_15分钟就够系列_2026-05-06.json
NSCA_Guide to TA,17,/root/paddlejob/workspace/env_run/penghaotian/datas/book_md/NSCA_Guide to TA/pairs_NSCA_Guide to TA_2026-05-06.json
[男士健身.美国.-.最佳机构2013年]Men's.Fitness.USA.-.Best.Bodies.2013.美国健身杂志社.影印版,17,/root/paddlejob/workspace/env_run/penghaotian/datas/book_md/[男士健身.美国.-.最佳机构2013年]Men's.Fitness.USA.-.Best.Bodies.2013.美国健身杂志社.影印版/pairs_[男士健身.美国.-.最佳机构2013年]Men's.Fitness.USA.-_2026-05-07.json
健身长跑的奥秘(跑步大全),17,/root/paddlejob/workspace/env_run/penghaotian/datas/book_md/健身长跑的奥秘(跑步大全)/pairs_健身长跑的奥秘(跑步大全)_2026-05-07.json
哈他瑜伽關鍵肌肉全解,17,/root/paddlejob/workspace/env_run/penghaotian/datas/book_md/哈他瑜伽關鍵肌肉全解/pairs_哈他瑜伽關鍵肌肉全解_2026-05-07.json
生物力学基础,17,/root/paddlejob/workspace/env_run/penghaotian/datas/book_md/生物力学基础/pairs_生物力学基础_2026-05-07.json
身体力量和柔韧性,17,/root/paddlejob/workspace/env_run/penghaotian/datas/book_md/身体力量和柔韧性/pairs_身体力量和柔韧性_2026-05-07.json
YOU：身体使用手册,16,/root/paddlejob/workspace/env_run/penghaotian/datas/book_md/YOU：身体使用手册/pairs_YOU：身体使用手册_2026-05-07.json
图解哑铃健身(超详细),16,/root/paddlejob/workspace/env_run/penghaotian/datas/book_md/图解哑铃健身(超详细)/pairs_图解哑铃健身(超详细)_2026-05-07.json
已上架949——NSCA——NSCA’s+Guide+to+Te...,16,/root/paddlejob/workspace/env_run/penghaotian/datas/book_md/已上架949——NSCA——NSCA’s+Guide+to+Te.../pairs_已上架949——NSCA——NSCA’s+Guide+to+Te..._2026-05-07.json
田径教学训练大纲教法指导书 (国家体委编, China. Guo jia ti wei, 国家体委编, 国家体委 etc.),16,/root/paddlejob/workspace/env_run/penghaotian/datas/book_md/田径教学训练大纲教法指导书 (国家体委编, China. Guo jia ti wei, 国家体委编, 国家体委 etc.)/pairs_田径教学训练大纲教法指导书 (国家体委编, China. Guo jia ti _2026-05-07.json
骨关节功能解剖学++下卷++脊柱、骨盆带与头...,16,/root/paddlejob/workspace/env_run/penghaotian/datas/book_md/骨关节功能解剖学++下卷++脊柱、骨盆带与头.../pairs_骨关节功能解剖学++下卷++脊柱、骨盆带与头..._2026-05-07.json
Paul Wade - Convict Conditioning Vol. 1 - The Prison Pushup Series (2012),15,/root/paddlejob/workspace/env_run/penghaotian/datas/book_md/Paul Wade - Convict Conditioning Vol. 1 - The Prison Pushup Series (2012)/pairs_Paul Wade - Convict Conditioning Vol. 1 _2026-05-07.json
[男士健身(美国).-.2013年4月]Men's.Fitness(USA).-.April.2013.美国健身杂志社.影印版,15,/root/paddlejob/workspace/env_run/penghaotian/datas/book_md/[男士健身(美国).-.2013年4月]Men's.Fitness(USA).-.April.2013.美国健身杂志社.影印版/pairs_[男士健身(美国).-.2013年4月]Men's.Fitness(USA).-_2026-05-07.json
运动员恢复指南--休息放松储备能量达到最佳竞技状态,15,/root/paddlejob/workspace/env_run/penghaotian/datas/book_md/运动员恢复指南--休息放松储备能量达到最佳竞技状态/pairs_运动员恢复指南--休息放松储备能量达到最佳竞技状态_2026-05-07.json
运动员恢复指南--休息放松储备能量达到最佳竞技状态--美国翻译版0,15,/root/paddlejob/workspace/env_run/penghaotian/datas/book_md/运动员恢复指南--休息放松储备能量达到最佳竞技状态--美国翻译版0/pairs_运动员恢复指南--休息放松储备能量达到最佳竞技状态--美国翻译版0_2026-05-07.json
6-运动训练电子书,14,/root/paddlejob/workspace/env_run/penghaotian/datas/book_md/6-运动训练电子书/pairs_6-运动训练电子书_2026-05-06.json
12-运动训练学 (田麦久) (2),13,/root/paddlejob/workspace/env_run/penghaotian/datas/book_md/12-运动训练学 (田麦久) (2)/pairs_12-运动训练学 (田麦久) (2)_2026-05-06.json
28-运动训练的理论与方法 (В·Н·普拉托诺夫著；陆绍中，张人民等译) ,13,/root/paddlejob/workspace/env_run/penghaotian/datas/book_md/28-运动训练的理论与方法 (В·Н·普拉托诺夫著；陆绍中，张人民等译) /pairs_28-运动训练的理论与方法 (В·Н·普拉托诺夫著；陆绍中，张人民等译) _2026-05-06.json
Advanced strenght and conditioning （好好好),13,/root/paddlejob/workspace/env_run/penghaotian/datas/book_md/Advanced strenght and conditioning （好好好)/pairs_Advanced strenght and conditioning （好好好)_2026-05-06.json
HP入门书单2 Kraemer et al. 2012-Exercise physiology,13,/root/paddlejob/workspace/env_run/penghaotian/datas/book_md/HP入门书单2 Kraemer et al. 2012-Exercise physiology/pairs_HP入门书单2 Kraemer et al. 2012-Exercise phy_2026-05-06.json
[肌肉与健身(美国)2013-04]Muscle.&.Fitness.(USA).2013-04.GNC.影印版,13,/root/paddlejob/workspace/env_run/penghaotian/datas/book_md/[肌肉与健身(美国)2013-04]Muscle.&.Fitness.(USA).2013-04.GNC.影印版/pairs_[肌肉与健身(美国)2013-04]Muscle.&.Fitness.(USA)_2026-05-07.json
体能测试与评估指南,13,/root/paddlejob/workspace/env_run/penghaotian/datas/book_md/体能测试与评估指南/pairs_体能测试与评估指南_2026-05-07.json
功能解剖——肌与骨骼的解剖、功能及触诊20...(1),12,/root/paddlejob/workspace/env_run/penghaotian/datas/book_md/功能解剖——肌与骨骼的解剖、功能及触诊20...(1)/pairs_功能解剖——肌与骨骼的解剖、功能及触诊20...(1)_2026-05-07.json
心脏病学彩色图谱,12,/root/paddlejob/workspace/env_run/penghaotian/datas/book_md/心脏病学彩色图谱/pairs_心脏病学彩色图谱_2026-05-07.json
3-运动训练教材合并,11,/root/paddlejob/workspace/env_run/penghaotian/datas/book_md/3-运动训练教材合并/pairs_3-运动训练教材合并_2026-05-06.json
《瑜伽3D解剖书-1(肌肉篇)》,11,/root/paddlejob/workspace/env_run/penghaotian/datas/book_md/《瑜伽3D解剖书-1(肌肉篇)》/pairs_《瑜伽3D解剖书-1(肌肉篇)》_2026-05-07.json
健康体适能理论与实践,11,/root/paddlejob/workspace/env_run/penghaotian/datas/book_md/健康体适能理论与实践/pairs_健康体适能理论与实践_2026-05-07.json
健美训练教程,11,/root/paddlejob/workspace/env_run/penghaotian/datas/book_md/健美训练教程/pairs_健美训练教程_2026-05-07.json
光耀生命.[印度]B.K.S.艾扬格着（全）,11,/root/paddlejob/workspace/env_run/penghaotian/datas/book_md/光耀生命.[印度]B.K.S.艾扬格着（全）/pairs_光耀生命.[印度]B.K.S.艾扬格着（全）_2026-05-07.json
《韦德健美训练法则》【美】,10,/root/paddlejob/workspace/env_run/penghaotian/datas/book_md/《韦德健美训练法则》【美】/pairs_《韦德健美训练法则》【美】_2026-05-07.json
全图解人体说明书_12315948,10,/root/paddlejob/workspace/env_run/penghaotian/datas/book_md/全图解人体说明书_12315948/pairs_全图解人体说明书_12315948_2026-05-07.json
吉姆力量&肌肉百科全书 第一卷-训练概要,10,/root/paddlejob/workspace/env_run/penghaotian/datas/book_md/吉姆力量&肌肉百科全书 第一卷-训练概要/pairs_吉姆力量&肌肉百科全书 第一卷-训练概要_2026-05-07.json
周围神经卡压_颈肩腰腿痛、手麻、肌肉、萎....,10,/root/paddlejob/workspace/env_run/penghaotian/datas/book_md/周围神经卡压_颈肩腰腿痛、手麻、肌肉、萎..../pairs_周围神经卡压_颈肩腰腿痛、手麻、肌肉、萎...._2026-05-07.json
武汉FMS功能动作筛查与纠正性训练的实际操作应用 ,10,/root/paddlejob/workspace/env_run/penghaotian/datas/book_md/武汉FMS功能动作筛查与纠正性训练的实际操作应用 /pairs_武汉FMS功能动作筛查与纠正性训练的实际操作应用 _2026-05-07.json
运动保健按摩疗法（高清版）,10,/root/paddlejob/workspace/env_run/penghaotian/datas/book_md/运动保健按摩疗法（高清版）/pairs_运动保健按摩疗法（高清版）_2026-05-07.json
27-训练学 运动训练的理论与方法学导论 (（民主德国）哈雷（Harre，D.）编；蔡俊五，郑再新译) ,9,/root/paddlejob/workspace/env_run/penghaotian/datas/book_md/27-训练学 运动训练的理论与方法学导论 (（民主德国）哈雷（Harre，D.）编；蔡俊五，郑再新译) /pairs_27-训练学 运动训练的理论与方法学导论 (（民主德国）哈雷（Harre，D.）_2026-05-06.json
NSCA_PerformanceTraining,9,/root/paddlejob/workspace/env_run/penghaotian/datas/book_md/NSCA_PerformanceTraining/pairs_NSCA_PerformanceTraining_2026-05-06.json
姿势稳定的评估与训练,9,/root/paddlejob/workspace/env_run/penghaotian/datas/book_md/姿势稳定的评估与训练/pairs_姿势稳定的评估与训练_2026-05-07.json
肌肉链与扳机点++手法镇痛的新理念及其应用...,9,/root/paddlejob/workspace/env_run/penghaotian/datas/book_md/肌肉链与扳机点++手法镇痛的新理念及其应用.../pairs_肌肉链与扳机点++手法镇痛的新理念及其应用..._2026-05-07.json
足球教学训练大纲 (国家体委编, 国家体委编, 国家体委),9,/root/paddlejob/workspace/env_run/penghaotian/datas/book_md/足球教学训练大纲 (国家体委编, 国家体委编, 国家体委)/pairs_足球教学训练大纲 (国家体委编, 国家体委编, 国家体委)_2026-05-07.json
2-运动训练教材合并,8,/root/paddlejob/workspace/env_run/penghaotian/datas/book_md/2-运动训练教材合并/pairs_2-运动训练教材合并_2026-05-06.json
《跑步圣经 我跑故我在》,8,/root/paddlejob/workspace/env_run/penghaotian/datas/book_md/《跑步圣经 我跑故我在》/pairs_《跑步圣经 我跑故我在》_2026-05-07.json
健身解剖指南-肩部,8,/root/paddlejob/workspace/env_run/penghaotian/datas/book_md/健身解剖指南-肩部/pairs_健身解剖指南-肩部_2026-05-07.json
基础临床按摩疗法-解剖学与治疗学的结合_20140209134122,8,/root/paddlejob/workspace/env_run/penghaotian/datas/book_md/基础临床按摩疗法-解剖学与治疗学的结合_20140209134122/pairs_基础临床按摩疗法-解剖学与治疗学的结合_20140209134122_2026-05-07.json
已上架746——NSCA——NSCA’s+Performance...,8,/root/paddlejob/workspace/env_run/penghaotian/datas/book_md/已上架746——NSCA——NSCA’s+Performance.../pairs_已上架746——NSCA——NSCA’s+Performance..._2026-05-07.json
肌肉链与扳肌点,8,/root/paddlejob/workspace/env_run/penghaotian/datas/book_md/肌肉链与扳肌点/pairs_肌肉链与扳肌点_2026-05-07.json
Electromyographic Analysis of Core trunk hip and thigh muscles during 9 rehabilitation exercises,7,/root/paddlejob/workspace/env_run/penghaotian/datas/book_md/Electromyographic Analysis of Core trunk hip and thigh muscles during 9 rehabilitation exercises/pairs_Electromyographic Analysis of Core trunk_2026-05-06.json
Movement Organization CSC,7,/root/paddlejob/workspace/env_run/penghaotian/datas/book_md/Movement Organization CSC/pairs_Movement Organization CSC_2026-05-06.json
NSCA運動科學530页,7,/root/paddlejob/workspace/env_run/penghaotian/datas/book_md/NSCA運動科學530页/pairs_NSCA運動科學530页_2026-05-06.json
[休闲健身与损伤防治].范晓清.扫描版,7,/root/paddlejob/workspace/env_run/penghaotian/datas/book_md/[休闲健身与损伤防治].范晓清.扫描版/pairs_[休闲健身与损伤防治].范晓清.扫描版_2026-05-07.json
中长跑技术的力学分析与应用,7,/root/paddlejob/workspace/env_run/penghaotian/datas/book_md/中长跑技术的力学分析与应用/pairs_中长跑技术的力学分析与应用_2026-05-07.json
私教基础培训教材,7,/root/paddlejob/workspace/env_run/penghaotian/datas/book_md/私教基础培训教材/pairs_私教基础培训教材_2026-05-07.json
《美军生存手册》,6,/root/paddlejob/workspace/env_run/penghaotian/datas/book_md/《美军生存手册》/pairs_《美军生存手册》_2026-05-07.json
为什么有6块腹肌的人这么少,6,/root/paddlejob/workspace/env_run/penghaotian/datas/book_md/为什么有6块腹肌的人这么少/pairs_为什么有6块腹肌的人这么少_2026-05-07.json
功能性体能训练理论与实践,6,/root/paddlejob/workspace/env_run/penghaotian/datas/book_md/功能性体能训练理论与实践/pairs_功能性体能训练理论与实践_2026-05-07.json
奈特简明神经病学-2008,6,/root/paddlejob/workspace/env_run/penghaotian/datas/book_md/奈特简明神经病学-2008/pairs_奈特简明神经病学-2008_2026-05-07.json
神经康复——DeJong神经系统检查+（原书...,6,/root/paddlejob/workspace/env_run/penghaotian/datas/book_md/神经康复——DeJong神经系统检查+（原书.../pairs_神经康复——DeJong神经系统检查+（原书..._2026-05-07.json
绝对稀有的 全身肌肉结构 分析,6,/root/paddlejob/workspace/env_run/penghaotian/datas/book_md/绝对稀有的 全身肌肉结构 分析/pairs_绝对稀有的 全身肌肉结构 分析_2026-05-07.json
肩周炎自我锻炼,6,/root/paddlejob/workspace/env_run/penghaotian/datas/book_md/肩周炎自我锻炼/pairs_肩周炎自我锻炼_2026-05-07.json
6-《运动训练科学化探索》（田麦久）,5,/root/paddlejob/workspace/env_run/penghaotian/datas/book_md/6-《运动训练科学化探索》（田麦久）/pairs_6-《运动训练科学化探索》（田麦久）_2026-05-06.json
NSCA's Essentials of Sports Science-NSCA,5,/root/paddlejob/workspace/env_run/penghaotian/datas/book_md/NSCA's Essentials of Sports Science-NSCA/pairs_NSCA's Essentials of Sports Science-NSCA_2026-05-06.json
NSCA'sPerformanceTrainingJournal-7,5,/root/paddlejob/workspace/env_run/penghaotian/datas/book_md/NSCA'sPerformanceTrainingJournal-7/pairs_NSCA'sPerformanceTrainingJournal-7_2026-05-06.json
NSCA-CPSS 美国国家体能协会运动表现与科学训练师认证指南 2023年_6,5,/root/paddlejob/workspace/env_run/penghaotian/datas/book_md/NSCA-CPSS 美国国家体能协会运动表现与科学训练师认证指南 2023年_6/pairs_NSCA-CPSS 美国国家体能协会运动表现与科学训练师认证指南 2023年_6_2026-05-06.json
[奈特简明骨科学彩色图谱].邱贵兴.扫描版,5,/root/paddlejob/workspace/env_run/penghaotian/datas/book_md/[奈特简明骨科学彩色图谱].邱贵兴.扫描版/pairs_[奈特简明骨科学彩色图谱].邱贵兴.扫描版_2026-05-07.json
[特种部队健身术].(英)戴维斯.扫描版,5,/root/paddlejob/workspace/env_run/penghaotian/datas/book_md/[特种部队健身术].(英)戴维斯.扫描版/pairs_[特种部队健身术].(英)戴维斯.扫描版_2026-05-07.json
[运动营养].(英)莫恩.扫描版,5,/root/paddlejob/workspace/env_run/penghaotian/datas/book_md/[运动营养].(英)莫恩.扫描版/pairs_[运动营养].(英)莫恩.扫描版_2026-05-07.json
[运动营养与健康和运动能力].梅琳达,5,/root/paddlejob/workspace/env_run/penghaotian/datas/book_md/[运动营养与健康和运动能力].梅琳达/pairs_[运动营养与健康和运动能力].梅琳达_2026-05-07.json
《瑜伽呼吸控制法》,5,/root/paddlejob/workspace/env_run/penghaotian/datas/book_md/《瑜伽呼吸控制法》/pairs_《瑜伽呼吸控制法》_2026-05-07.json
《运动营养与健康和运动能力》,5,/root/paddlejob/workspace/env_run/penghaotian/datas/book_md/《运动营养与健康和运动能力》/pairs_《运动营养与健康和运动能力》_2026-05-07.json
乾隆健身术坐势,5,/root/paddlejob/workspace/env_run/penghaotian/datas/book_md/乾隆健身术坐势/pairs_乾隆健身术坐势_2026-05-07.json
健身解剖指南-胸部,5,/root/paddlejob/workspace/env_run/penghaotian/datas/book_md/健身解剖指南-胸部/pairs_健身解剖指南-胸部_2026-05-07.json
奈特妇产科彩色图谱-2007,5,/root/paddlejob/workspace/env_run/penghaotian/datas/book_md/奈特妇产科彩色图谱-2007/pairs_奈特妇产科彩色图谱-2007_2026-05-07.json
奈特简明骨科学彩色图谱（高清中文版）,5,/root/paddlejob/workspace/env_run/penghaotian/datas/book_md/奈特简明骨科学彩色图谱（高清中文版）/pairs_奈特简明骨科学彩色图谱（高清中文版）_2026-05-07.json
徒手治疗脊椎四肢动态关节松动术++第二版20...,5,/root/paddlejob/workspace/env_run/penghaotian/datas/book_md/徒手治疗脊椎四肢动态关节松动术++第二版20.../pairs_徒手治疗脊椎四肢动态关节松动术++第二版20..._2026-05-07.json
我的减肥秘籍-快乐减肥革命,5,/root/paddlejob/workspace/env_run/penghaotian/datas/book_md/我的减肥秘籍-快乐减肥革命/pairs_我的减肥秘籍-快乐减肥革命_2026-05-07.json
柯林斯百科图鉴 特种部队健身术,5,/root/paddlejob/workspace/env_run/penghaotian/datas/book_md/柯林斯百科图鉴 特种部队健身术/pairs_柯林斯百科图鉴 特种部队健身术_2026-05-07.json
活化器脊骨肌肉神经矫治整疗学-邱九桁011,5,/root/paddlejob/workspace/env_run/penghaotian/datas/book_md/活化器脊骨肌肉神经矫治整疗学-邱九桁011/pairs_活化器脊骨肌肉神经矫治整疗学-邱九桁011_2026-05-07.json
特殊族群运动训练 (1),5,/root/paddlejob/workspace/env_run/penghaotian/datas/book_md/特殊族群运动训练 (1)/pairs_特殊族群运动训练 (1)_2026-05-07.json
特种部队健身术,5,/root/paddlejob/workspace/env_run/penghaotian/datas/book_md/特种部队健身术/pairs_特种部队健身术_2026-05-07.json
精巧的脊椎神经医学的技术---丁希中,5,/root/paddlejob/workspace/env_run/penghaotian/datas/book_md/精巧的脊椎神经医学的技术---丁希中/pairs_精巧的脊椎神经医学的技术---丁希中_2026-05-07.json
17-《运动训练》（徐本力）,4,/root/paddlejob/workspace/env_run/penghaotian/datas/book_md/17-《运动训练》（徐本力）/pairs_17-《运动训练》（徐本力）_2026-05-06.json
19-运动训练学 (肖涛，孔祥宁，王晨宇主编) ,4,/root/paddlejob/workspace/env_run/penghaotian/datas/book_md/19-运动训练学 (肖涛，孔祥宁，王晨宇主编) /pairs_19-运动训练学 (肖涛，孔祥宁，王晨宇主编) _2026-05-06.json
20-《运动训练理论与研究》（李国忠）,4,/root/paddlejob/workspace/env_run/penghaotian/datas/book_md/20-《运动训练理论与研究》（李国忠）/pairs_20-《运动训练理论与研究》（李国忠）_2026-05-06.json
HP入门书单4 Bompa et al. 2009-Periodization,4,/root/paddlejob/workspace/env_run/penghaotian/datas/book_md/HP入门书单4 Bompa et al. 2009-Periodization/pairs_HP入门书单4 Bompa et al. 2009-Periodization_2026-05-06.json
《高级运动营养学》,4,/root/paddlejob/workspace/env_run/penghaotian/datas/book_md/《高级运动营养学》/pairs_《高级运动营养学》_2026-05-07.json
减肥饮食__高级运动营养学,4,/root/paddlejob/workspace/env_run/penghaotian/datas/book_md/减肥饮食__高级运动营养学/pairs_减肥饮食__高级运动营养学_2026-05-07.json
已上架1478——体能训练——周期  运动训练理论与方法,4,/root/paddlejob/workspace/env_run/penghaotian/datas/book_md/已上架1478——体能训练——周期  运动训练理论与方法/pairs_已上架1478——体能训练——周期  运动训练理论与方法_2026-05-07.json
第26节 教学管理-课程管理,4,/root/paddlejob/workspace/env_run/penghaotian/datas/book_md/第26节 教学管理-课程管理/pairs_第26节 教学管理-课程管理_2026-05-07.json
肌肉链与扳机点—手法镇痛的新理念及其应用...,4,/root/paddlejob/workspace/env_run/penghaotian/datas/book_md/肌肉链与扳机点—手法镇痛的新理念及其应用.../pairs_肌肉链与扳机点—手法镇痛的新理念及其应用..._2026-05-07.json
肩部训练的有效方法,4,/root/paddlejob/workspace/env_run/penghaotian/datas/book_md/肩部训练的有效方法/pairs_肩部训练的有效方法_2026-05-07.json
骨质疏松症,4,/root/paddlejob/workspace/env_run/penghaotian/datas/book_md/骨质疏松症/pairs_骨质疏松症_2026-05-07.json
10-运动训练学导论 (杨桦，李宗浩，池建主编, 杨桦, 李宗浩, 池建主编, 杨桦, 李宗浩, 池建) ,3,/root/paddlejob/workspace/env_run/penghaotian/datas/book_md/10-运动训练学导论 (杨桦，李宗浩，池建主编, 杨桦, 李宗浩, 池建主编, 杨桦, 李宗浩, 池建) /pairs_10-运动训练学导论 (杨桦，李宗浩，池建主编, 杨桦, 李宗浩, 池建主编, _2026-05-06.json
13-运动训练学 (过家兴等编著) ,3,/root/paddlejob/workspace/env_run/penghaotian/datas/book_md/13-运动训练学 (过家兴等编著) /pairs_13-运动训练学 (过家兴等编著) _2026-05-06.json
Matt.Furey体能训练简单翻译,3,/root/paddlejob/workspace/env_run/penghaotian/datas/book_md/Matt.Furey体能训练简单翻译/pairs_Matt.Furey体能训练简单翻译_2026-05-06.json
NSCA's essentials for trainning special populations,3,/root/paddlejob/workspace/env_run/penghaotian/datas/book_md/NSCA's essentials for trainning special populations/pairs_NSCA's essentials for trainning special _2026-05-06.json
[跑步圣经].（美）乔治·希恩.高清扫描版,3,/root/paddlejob/workspace/env_run/penghaotian/datas/book_md/[跑步圣经].（美）乔治·希恩.高清扫描版/pairs_[跑步圣经].（美）乔治·希恩.高清扫描版_2026-05-07.json
乾隆健身术站势,3,/root/paddlejob/workspace/env_run/penghaotian/datas/book_md/乾隆健身术站势/pairs_乾隆健身术站势_2026-05-07.json
健身书籍06  58本__高级运动营养学,3,/root/paddlejob/workspace/env_run/penghaotian/datas/book_md/健身书籍06  58本__高级运动营养学/pairs_健身书籍06  58本__高级运动营养学_2026-05-07.json
口部肌肉练习家居训练册,3,/root/paddlejob/workspace/env_run/penghaotian/datas/book_md/口部肌肉练习家居训练册/pairs_口部肌肉练习家居训练册_2026-05-07.json
格氏解剖学 - Gray's Anatomy CN- v39.0,3,/root/paddlejob/workspace/env_run/penghaotian/datas/book_md/格氏解剖学 - Gray's Anatomy CN- v39.0/pairs_格氏解剖学 - Gray's Anatomy CN- v39.0_2026-05-07.json
纠正练习CorrectiveExercise,3,/root/paddlejob/workspace/env_run/penghaotian/datas/book_md/纠正练习CorrectiveExercise/pairs_纠正练习CorrectiveExercise_2026-05-07.json
运动员基础训练的人体科学原理,3,/root/paddlejob/workspace/env_run/penghaotian/datas/book_md/运动员基础训练的人体科学原理/pairs_运动员基础训练的人体科学原理_2026-05-07.json
运动系统3肌肉、神经,3,/root/paddlejob/workspace/env_run/penghaotian/datas/book_md/运动系统3肌肉、神经/pairs_运动系统3肌肉、神经_2026-05-07.json
骨关节功能解剖学++上卷：上肢_12938815,3,/root/paddlejob/workspace/env_run/penghaotian/datas/book_md/骨关节功能解剖学++上卷：上肢_12938815/pairs_骨关节功能解剖学++上卷：上肢_12938815_2026-05-07.json
骨盆(脊柱)矫正压揉法,3,/root/paddlejob/workspace/env_run/penghaotian/datas/book_md/骨盆(脊柱)矫正压揉法/pairs_骨盆(脊柱)矫正压揉法_2026-05-07.json
11-运动训练学 -- 田麦久主编; 田麦久 -- Di 1 ban, Beijing, 2006 -- 北京_高等教育出版社 -- 9787040196733 -- fecf585f4a739dc0e4334a8326daa377 -- Anna’s Archive,2,/root/paddlejob/workspace/env_run/penghaotian/datas/book_md/11-运动训练学 -- 田麦久主编; 田麦久 -- Di 1 ban, Beijing, 2006 -- 北京_高等教育出版社 -- 9787040196733 -- fecf585f4a739dc0e4334a8326daa377 -- Anna’s Archive/pairs_11-运动训练学 -- 田麦久主编; 田麦久 -- Di 1 ban, Beij_2026-05-06.json
16-运动训练学 (全国体育学院教材委员会审定, 全国体育学院教材委员会审定, 全国体育学院教材委员会) ,2,/root/paddlejob/workspace/env_run/penghaotian/datas/book_md/16-运动训练学 (全国体育学院教材委员会审定, 全国体育学院教材委员会审定, 全国体育学院教材委员会) /pairs_16-运动训练学 (全国体育学院教材委员会审定, 全国体育学院教材委员会审定, _2026-05-06.json
25-现代竞技运动训练理论与实践研究 (王芬著, Wang fen. etc.) ,2,/root/paddlejob/workspace/env_run/penghaotian/datas/book_md/25-现代竞技运动训练理论与实践研究 (王芬著, Wang fen. etc.) /pairs_25-现代竞技运动训练理论与实践研究 (王芬著, Wang fen. etc.)_2026-05-06.json
41-当代运动训练经典理论与方法 -- 陈小平 -- 2020 -- 人民体育出版社 ,2,/root/paddlejob/workspace/env_run/penghaotian/datas/book_md/41-当代运动训练经典理论与方法 -- 陈小平 -- 2020 -- 人民体育出版社 /pairs_41-当代运动训练经典理论与方法 -- 陈小平 -- 2020 -- 人民体育出_2026-05-06.json
44-项群训练理论 (田麦久主编；麻雪田等著),2,/root/paddlejob/workspace/env_run/penghaotian/datas/book_md/44-项群训练理论 (田麦久主编；麻雪田等著)/pairs_44-项群训练理论 (田麦久主编；麻雪田等著)_2026-05-06.json
5-运动训练电子书,2,/root/paddlejob/workspace/env_run/penghaotian/datas/book_md/5-运动训练电子书/pairs_5-运动训练电子书_2026-05-06.json
9-运动训练学 (田麦久，刘大庆 主编) ,2,/root/paddlejob/workspace/env_run/penghaotian/datas/book_md/9-运动训练学 (田麦久，刘大庆 主编) /pairs_9-运动训练学 (田麦久，刘大庆 主编) _2026-05-06.json
AASFP_高级私人教练专用表格,2,/root/paddlejob/workspace/env_run/penghaotian/datas/book_md/AASFP_高级私人教练专用表格/pairs_AASFP_高级私人教练专用表格_2026-05-06.json
ACSM美国运动医学会认证复习指导第四版,2,/root/paddlejob/workspace/env_run/penghaotian/datas/book_md/ACSM美国运动医学会认证复习指导第四版/pairs_ACSM美国运动医学会认证复习指导第四版_2026-05-06.json
[图说科学与启蒙运动].晏立农.扫描版,2,/root/paddlejob/workspace/env_run/penghaotian/datas/book_md/[图说科学与启蒙运动].晏立农.扫描版/pairs_[图说科学与启蒙运动].晏立农.扫描版_2026-05-07.json
《激活你人生—运动指南(基于2008年美国国民体育运动指南)》（薛威翻译）,2,/root/paddlejob/workspace/env_run/penghaotian/datas/book_md/《激活你人生—运动指南(基于2008年美国国民体育运动指南)》（薛威翻译）/pairs_《激活你人生—运动指南(基于2008年美国国民体育运动指南)》（薛威翻译）_2026-05-07.json
周期训练理论与方法 第6版(1),2,/root/paddlejob/workspace/env_run/penghaotian/datas/book_md/周期训练理论与方法 第6版(1)/pairs_周期训练理论与方法 第6版(1)_2026-05-07.json
奈特病理学彩色图谱(中文版),2,/root/paddlejob/workspace/env_run/penghaotian/datas/book_md/奈特病理学彩色图谱(中文版)/pairs_奈特病理学彩色图谱(中文版)_2026-05-07.json
步入30岁的女性,2,/root/paddlejob/workspace/env_run/penghaotian/datas/book_md/步入30岁的女性/pairs_步入30岁的女性_2026-05-07.json
肌肉增长的3个机制及其相关推荐练习动作 (1),2,/root/paddlejob/workspace/env_run/penghaotian/datas/book_md/肌肉增长的3个机制及其相关推荐练习动作 (1)/pairs_肌肉增长的3个机制及其相关推荐练习动作 (1)_2026-05-07.json
肥胖患者,2,/root/paddlejob/workspace/env_run/penghaotian/datas/book_md/肥胖患者/pairs_肥胖患者_2026-05-07.json
软组织贴扎技术--,2,/root/paddlejob/workspace/env_run/penghaotian/datas/book_md/软组织贴扎技术--/pairs_软组织贴扎技术--_2026-05-07.json
运动生理学,2,/root/paddlejob/workspace/env_run/penghaotian/datas/book_md/运动生理学/pairs_运动生理学_2026-05-07.json
113 肌肉肥大的科学与发展（1）,1,/root/paddlejob/workspace/env_run/penghaotian/datas/book_md/113 肌肉肥大的科学与发展（1）/pairs_113 肌肉肥大的科学与发展（1）_2026-05-06.json
14-《运动训练学》余银,1,/root/paddlejob/workspace/env_run/penghaotian/datas/book_md/14-《运动训练学》余银/pairs_14-《运动训练学》余银_2026-05-06.json
2-《运动训练》（王家宏）,1,/root/paddlejob/workspace/env_run/penghaotian/datas/book_md/2-《运动训练》（王家宏）/pairs_2-《运动训练》（王家宏）_2026-05-06.json
22-现代运动训练,1,/root/paddlejob/workspace/env_run/penghaotian/datas/book_md/22-现代运动训练/pairs_22-现代运动训练_2026-05-06.json
24-竞技运动训练实践发展的理论思考 (陈小平著, 陈小平著, 陈小平) ,1,/root/paddlejob/workspace/env_run/penghaotian/datas/book_md/24-竞技运动训练实践发展的理论思考 (陈小平著, 陈小平著, 陈小平) /pairs_24-竞技运动训练实践发展的理论思考 (陈小平著, 陈小平著, 陈小平) _2026-05-06.json
34-运动训练学 (曼弗里德·葛欧瑟) ,1,/root/paddlejob/workspace/env_run/penghaotian/datas/book_md/34-运动训练学 (曼弗里德·葛欧瑟) /pairs_34-运动训练学 (曼弗里德·葛欧瑟) _2026-05-06.json
35-运动训练学 (中国体育科学学会运动训练学学会组编) ,1,/root/paddlejob/workspace/env_run/penghaotian/datas/book_md/35-运动训练学 (中国体育科学学会运动训练学学会组编) /pairs_35-运动训练学 (中国体育科学学会运动训练学学会组编) _2026-05-06.json
39-当代运动训练热点问题研究 理论与实践凾待解决的问题 (陈小平著) ,1,/root/paddlejob/workspace/env_run/penghaotian/datas/book_md/39-当代运动训练热点问题研究 理论与实践凾待解决的问题 (陈小平著) /pairs_39-当代运动训练热点问题研究 理论与实践凾待解决的问题 (陈小平著) _2026-05-06.json
7-论运动训练过程 (田麦久著, 田麦久编著, 田麦久, 田麥久) ,1,/root/paddlejob/workspace/env_run/penghaotian/datas/book_md/7-论运动训练过程 (田麦久著, 田麦久编著, 田麦久, 田麥久) /pairs_7-论运动训练过程 (田麦久著, 田麦久编著, 田麦久, 田麥久) _2026-05-06.json
8-运动训练学 (田麦久) ,1,/root/paddlejob/workspace/env_run/penghaotian/datas/book_md/8-运动训练学 (田麦久) /pairs_8-运动训练学 (田麦久) _2026-05-06.json
MFT.心武格斗健身曼谷泰拳训练营-简版,1,/root/paddlejob/workspace/env_run/penghaotian/datas/book_md/MFT.心武格斗健身曼谷泰拳训练营-简版/pairs_MFT.心武格斗健身曼谷泰拳训练营-简版_2026-05-06.json
WM_健身房增肌速成系列课程(1),1,/root/paddlejob/workspace/env_run/penghaotian/datas/book_md/WM_健身房增肌速成系列课程(1)/pairs_WM_健身房增肌速成系列课程(1)_2026-05-07.json
[减肥5公斤就要这样吃].林禹宏.全彩版,1,/root/paddlejob/workspace/env_run/penghaotian/datas/book_md/[减肥5公斤就要这样吃].林禹宏.全彩版/pairs_[减肥5公斤就要这样吃].林禹宏.全彩版_2026-05-07.json
《临床神经解剖学》 (2),1,/root/paddlejob/workspace/env_run/penghaotian/datas/book_md/《临床神经解剖学》 (2)/pairs_《临床神经解剖学》 (2)_2026-05-07.json
中国优势竞技项目制胜规律 (谢亚龙，王汝英等著, 曾凡辉 [and others] 著, 曾凡辉, 谢亚龙, author etc.),1,/root/paddlejob/workspace/env_run/penghaotian/datas/book_md/中国优势竞技项目制胜规律 (谢亚龙，王汝英等著, 曾凡辉 [and others] 著, 曾凡辉, 谢亚龙, author etc.)/pairs_中国优势竞技项目制胜规律 (谢亚龙，王汝英等著, 曾凡辉 [and others_2026-05-07.json
健身书籍01   167本__《肌肉力量训练与损伤生物力学基础》V,1,/root/paddlejob/workspace/env_run/penghaotian/datas/book_md/健身书籍01   167本__《肌肉力量训练与损伤生物力学基础》V/pairs_健身书籍01   167本__《肌肉力量训练与损伤生物力学基础》V_2026-05-07.json
健身房增肌速成系列课程 (1),1,/root/paddlejob/workspace/env_run/penghaotian/datas/book_md/健身房增肌速成系列课程 (1)/pairs_健身房增肌速成系列课程 (1)_2026-05-07.json
奈特药理学彩色图谱-2006,1,/root/paddlejob/workspace/env_run/penghaotian/datas/book_md/奈特药理学彩色图谱-2006/pairs_奈特药理学彩色图谱-2006_2026-05-07.json
文档-健身书籍（3.17G）__《肌肉力量训练与损伤生物力学基础》V,1,/root/paddlejob/workspace/env_run/penghaotian/datas/book_md/文档-健身书籍（3.17G）__《肌肉力量训练与损伤生物力学基础》V/pairs_文档-健身书籍（3.17G）__《肌肉力量训练与损伤生物力学基础》V_2026-05-07.json
核心训练,1,/root/paddlejob/workspace/env_run/penghaotian/datas/book_md/核心训练/pairs_核心训练_2026-05-07.json
男性如何锻炼胸部肌肉（三）——器械锻炼胸部,1,/root/paddlejob/workspace/env_run/penghaotian/datas/book_md/男性如何锻炼胸部肌肉（三）——器械锻炼胸部/pairs_男性如何锻炼胸部肌肉（三）——器械锻炼胸部_2026-05-07.json
痛风,1,/root/paddlejob/workspace/env_run/penghaotian/datas/book_md/痛风/pairs_痛风_2026-05-07.json
第2期 肥胖与塑身生理学,1,/root/paddlejob/workspace/env_run/penghaotian/datas/book_md/第2期 肥胖与塑身生理学/pairs_第2期 肥胖与塑身生理学_2026-05-07.json
糖尿病,1,/root/paddlejob/workspace/env_run/penghaotian/datas/book_md/糖尿病/pairs_糖尿病_2026-05-07.json
肌肉共同收缩对平面自由运动中手臂阻抗的影响,1,/root/paddlejob/workspace/env_run/penghaotian/datas/book_md/肌肉共同收缩对平面自由运动中手臂阻抗的影响/pairs_肌肉共同收缩对平面自由运动中手臂阻抗的影响_2026-05-07.json
肥胖与塑身生理学,1,/root/paddlejob/workspace/env_run/penghaotian/datas/book_md/肥胖与塑身生理学/pairs_肥胖与塑身生理学_2026-05-07.json
跑步与健康（黄德诚）,1,/root/paddlejob/workspace/env_run/penghaotian/datas/book_md/跑步与健康（黄德诚）/pairs_跑步与健康（黄德诚）_2026-05-07.json
跑步处方,1,/root/paddlejob/workspace/env_run/penghaotian/datas/book_md/跑步处方/pairs_跑步处方_2026-05-07.json
高脂血症,1,/root/paddlejob/workspace/env_run/penghaotian/datas/book_md/高脂血症/pairs_高脂血症_2026-05-07.json
